Workbook

Sheet TOUTAB2
A1: Table 2 : Visitor Arrivals by Usual Country of Residence
D3: Australia | E3: New | F3: New | G3: Other | H3: Europe | I3: North | J3: Japan | K3: Other | L3: Not | M3: TOTAL
B4: Year / Quarter | E4: Zealand | F4: Caledonia | G4: Pacific | I4: America | K4: Countries | L4: Stated
G6: Countries
B7: YEAR
B8: 1993 | D8: 23258 | E8: 6133 | F8: 5692 | G8: 3064 | H8: 2190 | I8: 1351 | J8: 1174 | K8: 937 | L8: 679 | M8: 44478
B9: 1994 | D9: 22942 | E9: 5293 | F9: 5464 | G9: 2558 | H9: 2295 | I9: 1140 | J9: 1227 | K9: 843 | L9: 378 | M9: 42140
B10: 1995 | D10: =SUM(D14:D17) -> 24401 | E10: =SUM(E14:E17) -> 6436 | F10: 4971 | G10: =SUM(G14:G17) -> 2417 | H10: =SUM(H14:H17) -> 2352 | I10: =SUM(I14:I17) -> 1157 | J10: =SUM(J14:J17) -> 981 | K10: =SUM(K14:K17) -> 967 | L10: =SUM(L14:L17) -> 39 | M10: =SUM(M14:M17) -> 43721
B11: 1996 | D11: =SUM(D22:D25) -> 26690 | E11: =SUM(E22:E25) -> 5689 | F11: 5409 | G11: =SUM(G22:G25) -> 2600 | H11: =SUM(H22:H25) -> 2644 | I11: =SUM(I22:I25) -> 1223 | J11: =SUM(J22:J25) -> 927 | K11: =SUM(K22:K25) -> 884 | L11: =SUM(L22:L25) -> 57 | M11: =SUM(M22:M25) -> 46123
B12: 1997 | D12: =SUM(D26:D29) -> 28976 | E12: =SUM(E26:E29) -> 6108 | F12: =SUM(F26:F29) -> 5431 | G12: =SUM(G26:G29) -> 2998 | H12: =SUM(H26:H29) -> 2894 | I12: =SUM(I26:I29) -> 1172 | J12: =SUM(J26:J29) -> 948 | K12: =SUM(K26:K29) -> 999 | ... M12: =SUM(M26:M29) -> 49624
B13: 1998 | D13: =+D30+D31+D32+D33 -> 32498 | E13: =+E30+E31+E32+E33 -> 6180 | F13: =+F30+F31+F32+F33 -> 5824 | G13: =+G30+G31+G32+G33 -> 2080 | H13: =+H30+H31+H32+H33 -> 2337 | I13: =+I30+I31+I32+I33 -> 1297 | J13: =+J30+J31+J32+J33 -> 965 | K13: =+K30+K31+K32+K33 -> 871 | ... M13: =+M30+M31+M32+M33 -> 52085
B14: 1995 | C14: 1st | D14: 4644 | E14: 883 | F14: 1141 | G14: 397 | H14: 411 | I14: 201 | J14: 271 | K14: 148 | L14: 9 | M14: 8105
C15: 2nd | D15: 6499 | E15: 1735 | F15: 1065 | G15: 681 | H15: 455 | I15: 302 | J15: 195 | K15: 258 | L15: 15 | M15: 11205
C16: 3rd | D16: 6680 | E16: 2362 | F16: 1255 | G16: 785 | H16: 854 | I16: 392 | J16: 298 | K16: 277 | L16: 8 | M16: 12911
C17: 4th | D17: 6578 | E17: 1456 | F17: 1510 | G17: 554 | H17: 632 | I17: 262 | J17: 217 | K17: 284 | L17: 7 | M17: 11500
B18: 1999 | D18: =SUM(D34:D37) -> 30769 | E18: =SUM(E34:E37) -> 6487 | F18: =SUM(F34:F37) -> 5037 | G18: =SUM(G34:G37) -> 2317 | H18: =SUM(H34:H37) -> 3063 | I18: =SUM(I34:I37) -> 1343 | J18: =SUM(J34:J37) -> 915 | K18: =SUM(K34:K37) -> 764 | ... M18: =SUM(M34:M37) -> 50746
B19: 2000 | D19: =SUM(D38:D41) -> 36805 | E19: =SUM(E38:E41) -> 8024 | F19: =SUM(F38:F41) -> 4124 | G19: =SUM(G38:G41) -> 2039 | H19: =SUM(H38:H41) -> 3401 | I19: =SUM(I38:I41) -> 1547 | J19: =SUM(J38:J41) -> 811 | K19: =SUM(K38:K41) -> 831 | ... M19: =SUM(M38:M41) -> 57591
B20: 2001 | D20: =SUM(D42:D45) -> 41016 | E20: =SUM(E42:E45) -> 7512 | F20: =SUM(F42:F45) -> 4039 | G20: =SUM(G42:G45) -> 2182 | H20: =SUM(H42:H45) -> 2683 | I20: =SUM(I42:I45) -> 1413 | J20: =SUM(J42:J45) -> 834 | K20: =SUM(K42:K45) -> 936 | ... M20: =SUM(M42:M45) -> 53300
B22: 1996 | C22: 1st | D22: 5417 | E22: 962 | F22: 1087 | G22: 404 | H22: 478 | I22: 194 | J22: 206 | K22: 178 | L22: 2 | M22: 8928
C23: 2nd | D23: 7261 | E23: 1593 | F23: 1401 | G23: 648 | H23: 458 | I23: 306 | J23: 157 | K23: 172 | L23: 2 | M23: 11998
C24: 3rd | D24: 6872 | E24: 2058 | F24: 1641 | G24: 814 | H24: 1002 | I24: 449 | J24: 343 | K24: 264 | L24: 10 | M24: 13453
C25: 4th | D25: 7140 | E25: 1076 | F25: 1280 | G25: 734 | H25: 706 | I25: 274 | J25: 221 | K25: 270 | L25: 43 | M25: 11744
B26: 1997 | C26: 1st | D26: 5952 | E26: 780 | F26: 1283 | G26: 813 | H26: 599 | I26: 217 | J26: 189 | K26: 231 | L26: 37 | M26: =+D26+E26+F26+G26+H26+I26+J26+K26+L26 -> 10101
C27: 2nd | D27: 7729 | E27: 1855 | F27: 1150 | G27: 626 | H27: 524 | I27: 239 | J27: 221 | K27: 249 | L27: 25 | M27: 12618
C28: 3rd | D28: 7536 | E28: 2288 | F28: 1409 | G28: 954 | H28: 994 | I28: 452 | J28: 336 | K28: 269 | L28: 13 | M28: 14251
C29: 4th | D29: 7759 | E29: 1185 | F29: 1589 | G29: 605 | H29: 777 | I29: 264 | J29: 202 | K29: 250 | L29: 23 | M29: 12654
B30: 1998 | C30: 1st | D30: 5938 | E30: 737 | F30: 908 | G30: 307 | H30: 463 | I30: 213 | J30: 167 | K30: 314 | L30: 24 | M30: 9071
C31: 2nd | D31: 8226 | E31: 1785 | F31: 1547 | G31: 553 | H31: 633 | I31: 358 | J31: 298 | K31: 172 | L31: 2 | M31: 13574
C32: 3rd | D32: =+D80+D81+D82 -> 9419 | E32: =+E80+E81+E82 -> 2302 | F32: =+F80+F81+F82 -> 2014 | G32: =+G80+G81+G82 -> 696 | H32: =+H80+H81+H82 -> 766 | I32: =+I80+I81+I82 -> 433 | J32: =+J80+J81+J82 -> 362 | K32: =+K80+K81+K82 -> 217 | ... M32: =+M80+M81+M82 -> 16212
C33: 4th | D33: =+D83+D84+D85 -> 8915 | E33: =+E83+E84+E85 -> 1356 | F33: =+F83+F84+F85 -> 1355 | G33: =+G83+G84+G85 -> 524 | H33: =+H83+H84+H85 -> 475 | I33: =+I83+I84+I85 -> 293 | J33: =+J83+J84+J85 -> 138 | K33: =+K83+K84+K85 -> 168 | ... M33: =+M83+M84+M85 -> 13228
B34: 1999 | C34: 1st | D34: =SUM(D86:D88) -> 6287 | E34: =SUM(E86:E88) -> 927 | F34: =SUM(F86:F88) -> 1260 | G34: =SUM(G86:G88) -> 372 | H34: =SUM(H86:H88) -> 579 | I34: =SUM(I86:I88) -> 236 | J34: =SUM(J86:J88) -> 188 | K34: =SUM(K86:K88) -> 200 | L34: - | M34: =SUM(M86:M88) -> 10049
C35: 2nd | D35: =SUM(D89:D91) -> 6889 | E35: =SUM(E89:E91) -> 1456 | F35: =SUM(F89:F91) -> 1173 | G35: =SUM(G89:G91) -> 550 | H35: =SUM(H89:H91) -> 656 | I35: =SUM(I89:I91) -> 375 | J35: =SUM(J89:J91) -> 276 | K35: =SUM(K89:K91) -> 199 | L35: - | M35: =SUM(M89:M91) -> 11574
C36: 3rd | D36: =SUM(D92:D94) -> 9428 | E36: =SUM(E92:E94) -> 2673 | F36: =SUM(F92:F94) -> 1086 | G36: =SUM(G92:G94) -> 781 | H36: =SUM(H92:H94) -> 1015 | I36: =SUM(I92:I94) -> 462 | J36: =SUM(J92:J94) -> 247 | K36: =SUM(K92:K94) -> 215 | ... M36: =SUM(M92:M94) -> 15931
C37: 4th | D37: =SUM(D95:D97) -> 8165 | E37: =SUM(E95:E97) -> 1431 | F37: =SUM(F95:F97) -> 1518 | G37: =SUM(G95:G97) -> 614 | H37: =SUM(H95:H97) -> 813 | I37: =SUM(I95:I97) -> 270 | J37: =SUM(J95:J97) -> 204 | K37: =SUM(K95:K97) -> 150 | ... M37: =SUM(M95:M97) -> 13192
B38: 2000 | C38: 1st | D38: =SUM(D98:D100) -> 7808 | E38: =SUM(E98:E100) -> 1031 | F38: =SUM(F98:F100) -> 820 | G38: =SUM(G98:G100) -> 377 | H38: =SUM(H98:H100) -> 696 | I38: =SUM(I98:I100) -> 249 | J38: =SUM(J98:J100) -> 199 | K38: =SUM(K98:K100) -> 183 | ... M38: =SUM(M98:M100) -> 11365
C39: 2nd | D39: =SUM(D101:D103) -> 9749 | E39: =SUM(E101:E103) -> 2394 | F39: =SUM(F101:F103) -> 923 | G39: =SUM(G101:G103) -> 580 | H39: =SUM(H101:H103) -> 771 | I39: =SUM(I101:I103) -> 369 | J39: =SUM(J101:J103) -> 156 | K39: =SUM(K101:K103) -> 191 | ... M39: =SUM(M101:M103) -> 15138
C40: 3rd | D40: =SUM(D104:D106) -> 9801 | E40: =SUM(E104:E106) -> 2711 | F40: =SUM(F104:F106) -> 1046 | G40: =SUM(G104:G106) -> 444 | H40: =SUM(H104:H106) -> 1132 | I40: =SUM(I104:I106) -> 563 | J40: =SUM(J104:J106) -> 248 | K40: =SUM(K104:K106) -> 235 | L40: - | M40: =SUM(M104:M106) -> 16180
C41: 4th | D41: =SUM(D107:D109) -> 9447 | E41: =SUM(E107:E109) -> 1888 | F41: =SUM(F107:F109) -> 1335 | G41: =SUM(G107:G109) -> 638 | H41: =SUM(H107:H109) -> 802 | I41: =SUM(I107:I109) -> 366 | J41: =SUM(J107:J109) -> 208 | K41: =SUM(K107:K109) -> 222 | ... M41: =SUM(M107:M109) -> 14908
B42: 2001 | C42: 1st | D42: =SUM(D64:D67) -> 10158 | E42: =SUM(E110:E112) -> 1187 | F42: =SUM(F110:F112) -> 815 | G42: =SUM(G110:G112) -> 465 | H42: =SUM(H110:H112) -> 601 | I42: =SUM(I110:I112) -> 257 | J42: =SUM(J110:J112) -> 206 | K42: =SUM(K110:K112) -> 221 | L42: =SUM(L110:L112) -> 13 | ... N42: =SUM(N110:N112) -> 0
C43: 2nd | D43: =SUM(D65:D68) -> 10022 | E43: =SUM(E113:E115) -> 2039 | F43: =SUM(F113:F115) -> 786 | G43: =SUM(G113:G115) -> 452 | H43: =SUM(H113:H115) -> 562 | I43: =SUM(I113:I115) -> 344 | J43: =SUM(J113:J115) -> 203 | K43: =SUM(K113:K115) -> 173 | L43: =SUM(L113:L115) -> 9 | M43: =SUM(M113:M115) -> 12636
C44: 3rd | D44: =SUM(D66:D69) -> 10391 | E44: =SUM(E116:E118) -> 2380 | F44: =SUM(F116:F118) -> 1147 | G44: =SUM(G116:G118) -> 690 | H44: =SUM(H116:H118) -> 824 | I44: =SUM(I116:I118) -> 574 | J44: =SUM(J116:J118) -> 230 | K44: =SUM(K116:K118) -> 303 | L44: =SUM(L116:L118) -> 14 | M44: =SUM(M116:M118) -> 15135
C45: 4th | D45: =SUM(D67:D70) -> 10445 | E45: =SUM(E119:E121) -> 1906 | F45: =SUM(F119:F121) -> 1291 | G45: =SUM(G119:G121) -> 575 | H45: =SUM(H119:H121) -> 696 | I45: =SUM(I119:I121) -> 238 | J45: =SUM(J119:J121) -> 195 | K45: =SUM(K119:K121) -> 239 | L45: =SUM(L119:L121) -> 2 | M45: =SUM(M119:M121) -> 12995
B46: 2002 | C46: 1st | D46: =SUM(D122:D124) -> 6039 | E46: =SUM(E122:E124) -> 1303 | F46: =SUM(F122:F124) -> 661 | G46: =SUM(G122:G124) -> 383 | H46: =SUM(H122:H124) -> 633 | I46: =SUM(I122:I124) -> 256 | J46: =SUM(J122:J124) -> 184 | K46: =SUM(K122:K124) -> 209 | L46: - | M46: =SUM(M122:M124) -> 9668
C47: 2nd
C48: 3rd
C49: 4th
B50: 1996 | C50: Jan | D50: 1746 | E50: 237 | F50: 448 | G50: 93 | H50: 156 | I50: 61 | J50: 63 | K50: 40 | L50: 2 | M50: 2846
C51: Feb | D51: 1405 | E51: 300 | F51: 405 | G51: 159 | H51: 168 | I51: 79 | J51: 77 | K51: 46 | L51: - | M51: 2639
C52: Mar | D52: 2266 | E52: 425 | F52: 234 | G52: 152 | H52: 154 | I52: 54 | J52: 66 | K52: 92 | L52: - | M52: 3443
C53: Apr | D53: 2165 | E53: 371 | F53: 459 | G53: 214 | H53: 121 | I53: 138 | J53: 54 | K53: 45 | L53: 1 | M53: 3568
C54: May | D54: 2244 | E54: 416 | F54: 675 | G54: 221 | H54: 142 | I54: 75 | J54: 43 | K54: 50 | L54: - | M54: 3866
C55: Jun | D55: 2852 | E55: 806 | F55: 267 | G55: 213 | H55: 195 | I55: 93 | J55: 60 | K55: 77 | L55: 1 | M55: 4564
C56: Jul | D56: 2303 | E56: 574 | F56: 562 | G56: 249 | H56: 441 | I56: 115 | J56: 166 | K56: 91 | L56: - | M56: 4501
C57: Aug | D57: 1962 | E57: 815 | F57: 469 | G57: 242 | H57: 309 | I57: 168 | J57: 106 | K57: 64 | L57: 4 | M57: 4139
C58: Sep | D58: 2607 | E58: 669 | F58: 610 | G58: 323 | H58: 252 | I58: 166 | J58: 71 | K58: 109 | L58: 6 | M58: 4813
C59: Oct | D59: 2393 | E59: 482 | F59: 349 | G59: 281 | H59: 243 | I59: 76 | J59: 73 | K59: 88 | L59: 14 | M59: 3999
C60: Nov | D60: 2415 | E60: 341 | F60: 465 | G60: 222 | H60: 225 | I60: 123 | J60: 49 | K60: 94 | L60: 14 | M60: 3948
C61: Dec | D61: 2332 | E61: 253 | F61: 466 | G61: 231 | H61: 238 | I61: 75 | J61: 99 | K61: 88 | L61: 15 | M61: 3797
B62: 1997 | C62: Jan | D62: 2160 | E62: 272 | F62: 639 | G62: 243 | H62: 245 | I62: 90 | J62: 71 | K62: 56 | L62: 17 | M62: 3793
C63: Feb | D63: 1360 | E63: 150 | F63: 361 | G63: 307 | H63: 178 | I63: 54 | J63: 44 | K63: 86 | L63: 7 | M63: 2547
C64: Mar | D64: 2429 | E64: 359 | F64: 283 | G64: 258 | H64: 175 | I64: 58 | J64: 74 | K64: 92 | L64: 14 | M64: 3742
C65: Apr | D65: 2387 | E65: 427 | F65: 316 | G65: 274 | H65: 189 | I65: 64 | J65: 72 | K65: 55 | L65: 10 | M65: 3794
C66: May | D66: 2433 | E66: 614 | F66: 498 | G66: 196 | H66: 171 | I66: 92 | J66: 45 | K66: 140 | L66: 6 | M66: 4195
C67: Jun | D67: 2909 | E67: 814 | F67: 336 | G67: 156 | H67: 164 | I67: 83 | J67: 104 | K67: 54 | L67: 9 | M67: 4629
C68: Jul | D68: 2293 | E68: 760 | F68: 530 | G68: 344 | H68: 457 | I68: 166 | J68: 147 | K68: 105 | L68: 6 | M68: 4808
C69: Aug | D69: 2756 | E69: 743 | F69: 441 | G69: 382 | H69: 316 | I69: 139 | J69: 106 | K69: 88 | L69: 2 | M69: 4973
C70: Sep | D70: 2487 | E70: 785 | F70: 438 | G70: 228 | H70: 221 | I70: 147 | J70: 83 | K70: 76 | L70: 5 | M70: 4470
C71: Oct | D71: 2637 | E71: 486 | F71: 552 | G71: 199 | H71: 286 | I71: 123 | J71: 60 | K71: 112 | L71: 5 | M71: 4460
C72: Nov | D72: 2622 | E72: 434 | F72: 367 | G72: 168 | H72: 290 | I72: 70 | J72: 57 | K72: 81 | L72: 9 | M72: 4098
C73: Dec | D73: 2500 | E73: 265 | F73: 670 | G73: 238 | H73: 201 | I73: 71 | J73: 85 | K73: 57 | L73: 9 | M73: 4096
B74: 1998 | C74: Jan | D74: 2010 | E74: 318 | F74: 465 | G74: 93 | H74: 136 | I74: 63 | J74: 40 | K74: 192 | L74: 19 | M74: 3336
C75: Feb | D75: 1497 | E75: 169 | F75: 270 | G75: 109 | H75: 180 | I75: 62 | J75: 68 | K75: 81 | L75: 4 | M75: 2440
C76: Mar | D76: 2431 | E76: 250 | F76: 173 | G76: 105 | H76: 147 | I76: 88 | J76: 59 | K76: 41 | L76: 1 | M76: 3295
C77: Apr | D77: 2454 | E77: 570 | F77: 320 | G77: 160 | H77: 228 | I77: 75 | J77: 158 | K77: 44 | L77: 1 | M77: 4010
C78: May | D78: 2967 | E78: 551 | F78: 603 | G78: 303 | H78: 200 | I78: 179 | J78: 64 | K78: 54 | L78: 1 | M78: 4922
C79: Jun | D79: 2805 | E79: 664 | F79: 624 | G79: 90 | H79: 205 | I79: 104 | J79: 76 | K79: 74 | L79: 0 | M79: 4642
C80: Jul | D80: 2593 | E80: 686 | F80: 843 | G80: 206 | H80: 276 | I80: 140 | J80: 156 | K80: 93 | L80: 1 | M80: =+D80+E80+F80+G80+H80+I80+J80+K80+L80 -> 4994
C81: Aug | D81: 3759 | E81: 875 | F81: 529 | G81: 179 | H81: 330 | I81: 193 | J81: 134 | K81: 83 | L81: 2 | M81: =+D81+E81+F81+G81+H81+I81+J81+K81+L81 -> 6084
C82: Sep | D82: 3067 | E82: 741 | F82: 642 | G82: 311 | H82: 160 | I82: 100 | J82: 72 | K82: 41 | L82: 0 | M82: =+D82+E82+F82+G82+H82+I82+J82+K82+L82 -> 5134
C83: Oct | D83: 2800 | E83: 602 | F83: 230 | G83: 73 | H83: 161 | I83: 185 | J83: 32 | K83: 49 | L83: 0 | M83: =+D83+E83+F83+G83+H83+I83+J83+K83+L83 -> 4132
C84: Nov | D84: 3352 | E84: 407 | F84: 540 | G84: 206 | H84: 204 | I84: 69 | J84: 49 | K84: 63 | L84: 0 | M84: =+D84+E84+F84+G84+H84+I84+J84+K84+L84 -> 4890
C85: Dec | D85: 2763 | E85: 347 | F85: 585 | G85: 245 | H85: 110 | I85: 39 | J85: 57 | K85: 56 | L85: 4 | M85: =+D85+E85+F85+G85+H85+I85+J85+K85+L85 -> 4206
B86: 1999 | C86: Jan | D86: 2203 | E86: 346 | F86: 620 | G86: 100 | H86: 227 | I86: 64 | J86: 82 | K86: 89 | L86: 0 | M86: =SUM(D86:L86) -> 3731
C87: Feb | D87: 1539 | E87: 260 | F87: 466 | G87: 195 | H87: 171 | I87: 76 | J87: 61 | K87: 53 | L87: 0 | M87: =SUM(D87:L87) -> 2821
C88: Mar | D88: 2545 | E88: 321 | F88: 174 | G88: 77 | H88: 181 | I88: 96 | J88: 45 | K88: 58 | L88: 0 | M88: =SUM(D88:L88) -> 3497
C89: Apr | D89: 2381 | E89: 352 | F89: 363 | G89: 177 | H89: 195 | I89: 95 | J89: 105 | K89: 55 | L89: 0 | M89: =SUM(D89:L89) -> 3723
C90: May | D90: 2045 | E90: 432 | F90: 449 | G90: 168 | H90: 196 | I90: 118 | J90: 110 | K90: 74 | L90: 0 | M90: =SUM(D90:L90) -> 3592
C91: Jun | D91: 2463 | E91: 672 | F91: 361 | G91: 205 | H91: 265 | I91: 162 | J91: 61 | K91: 70 | L91: 0 | M91: =SUM(D91:L91) -> 4259
C92: Jul | D92: 3179 | E92: 902 | F92: 295 | G92: 250 | H92: 432 | I92: 235 | J92: 94 | K92: 73 | L92: 9 | M92: =SUM(D92:L92) -> 5469
C93: Aug | D93: 3039 | E93: 844 | F93: 386 | G93: 320 | H93: 356 | I93: 158 | J93: 88 | K93: 77 | L93: 8 | M93: =SUM(D93:L93) -> 5276
C94: Sep | D94: 3210 | E94: 927 | F94: 405 | G94: 211 | H94: 227 | I94: 69 | J94: 65 | K94: 65 | L94: 7 | M94: =SUM(D94:L94) -> 5186
C95: Oct | D95: 3050 | E95: 608 | F95: 394 | G95: 249 | H95: 293 | I95: 107 | J95: 97 | K95: 50 | L95: 11 | M95: =SUM(D95:L95) -> 4859
C96: Nov | D96: 2279 | E96: 452 | F96: 439 | G96: 241 | H96: 266 | I96: 80 | J96: 65 | K96: 38 | L96: 14 | M96: =SUM(D96:L96) -> 3874
C97: Dec | D97: 2836 | E97: 371 | F97: 685 | G97: 124 | H97: 254 | I97: 83 | J97: 42 | K97: 62 | L97: 2 | M97: =SUM(D97:L97) -> 4459
B98: 2000 | C98: Jan | D98: 2611 | E98: 326 | F98: 390 | G98: 113 | H98: 231 | I98: 64 | J98: 67 | K98: 55 | L98: 2 | M98: =SUM(D98:L98) -> 3859
C99: Feb | D99: 2036 | E99: 259 | F99: 261 | G99: 145 | H99: 249 | I99: 96 | J99: 50 | K99: 67 | L99: - | M99: =SUM(D99:L99) -> 3163
C100: Mar | D100: 3161 | E100: 446 | F100: 169 | G100: 119 | H100: 216 | I100: 89 | J100: 82 | K100: 61 | L100: - | M100: =SUM(D100:L100) -> 4343
C101: Apr | D101: 3650 | E101: 637 | F101: 370 | G101: 248 | H101: 237 | I101: 64 | J101: 60 | K101: 60 | L101: 3 | M101: =SUM(D101:L101) -> 5329
C102: May | D102: 2553 | E102: 832 | F102: 329 | G102: 204 | H102: 252 | I102: 112 | J102: 62 | K102: 64 | L102: 1 | M102: =SUM(D102:L102) -> 4409
C103: Jun | D103: 3546 | E103: 925 | F103: 224 | G103: 128 | H103: 282 | I103: 193 | J103: 34 | K103: 67 | L103: 1 | M103: =SUM(D103:L103) -> 5400
...

Sheet Table 1 Summary
B1: Table 1 : Summary of Overseas Migration
B2: Tableau 1 : Résumé des échanges migratoires avec l'extérieur
D4: ARRIVALS / ARRIVEES | P4: DEPARTURES / DEPARTURES | Z4: Arrivals | AB4: Cruiseship
D5: PORT VILA | H5: LUGANVILLE | L5: TOTAL | P5: PORT VILA | T5: LUGANVILLE | V5: TOTAL | AB5: Arrivals/ | AD5: Total Visitors
B6: Year | C6: Month | D6: Residents | F6: Visitors | H6: Residents | J6: Visitors | L6: Residents | N6: Visitors | P6: Resident | R6: Visitor | T6: Resident | U6: Visitors | V6: Resident | X6: Visitors | Z6: Yacht | AB6: Croisièristes | AF6: Année | AG6: Mois
D7: Résidents | F7: Visiteurs | H7: Résidents | J7: Visiteurs | L7: Résidents | N7: Visiteurs | P7: Résidents | R7: Visiteurs | T7: Résidents | U7: Visiteurs | V7: Résidents | X7: Visiteurs | Z7: Voilier
B8: 2005 | D8: =SUM(D30:D41) -> 13788 | F8: =SUM(F30:F41) -> 62082 | H8: - | I8: =SUM(I30:I41) -> 0 | J8: - | K8: =SUM(K30:K41) -> 0 | L8: =SUM(L30:L41) -> 13788 | M8: =SUM(M30:M41) -> 0 | N8: =SUM(N30:N41) -> 62082 | P8: =SUM(P30:P41) -> 13608 | Q8: =SUM(Q30:Q41) -> 0 | R8: =SUM(R30:R41) -> 62364 | S8: =SUM(S30:S41) -> 0 | T8: - | U8: - | V8: =SUM(V30:V41) -> 13608 | W8: =SUM(W30:W41) -> 0 | X8: =SUM(X30:X41) -> 62364 | Z8: - | AB8: =SUM(AB30:AB41) -> 63554 | AF8: 2005 | AH8: Revised on 10/12/13
B9: 2006 | D9: =SUM(D42:D53) -> 14841 | F9: =SUM(F42:F53) -> 67787 | H9: =SUM(H42:H53) -> 85 | I9: =SUM(I42:I53) -> 0 | J9: =SUM(J42:J53) -> 392 | K9: =SUM(K42:K53) -> 0 | L9: =SUM(L42:L53) -> 14926 | M9: =SUM(M42:M53) -> 0 | N9: =SUM(N42:N53) -> 68179 | O9: =SUM(O42:O53) -> 83105 | ... S9: =SUM(S42:S53) -> 0 | T9: - | U9: - | V9: =SUM(V42:V53) -> 11557 | W9: =SUM(W42:W53) -> 0 | X9: =SUM(X42:X53) -> 55835 | Y9: =SUM(Y42:Y53) -> 0 | Z9: - | AB9: =SUM(AB42:AB53) -> 85922 | AF9: 2006 | AH9: Revised on 10/12/13
B10: 2007 | D10: =SUM(D54:D65) -> 15186 | F10: =SUM(F54:F65) -> 80054 | H10: =SUM(H54:H65) -> 573 | I10: =SUM(I54:I65) -> 0 | J10: =SUM(J54:J65) -> 1291 | K10: =SUM(K54:K65) -> 0 | L10: =SUM(L54:L65) -> 15759 | M10: =SUM(M54:M65) -> 0 | N10: =SUM(N54:N65) -> 81345 | O10: =SUM(O54:O65) -> 87518 | ... Y10: =SUM(Y54:Y65) -> 0 | Z10: - | AB10: =SUM(AB54:AB65) -> 85737 | AF10: 2007 | AH10: Revised on 10/12/13(still pending revisions to dept. figures)
B11: 2008 | D11: =SUM(D66:D77) -> 18547 | F11: =SUM(F66:F77) -> 88241 | H11: =SUM(H66:H77) -> 585 | J11: =SUM(J66:J77) -> 2416 | L11: =SUM(L66:L77) -> 19132 | N11: =SUM(N66:N77) -> 90657 | P11: =SUM(P66:P77) -> 15847 | R11: =SUM(R66:R77) -> 92429 | T11: =SUM(T66:T77) -> 552 | U11: =SUM(U66:U77) -> 1960 | V11: =SUM(V66:V77) -> 16765 | X11: =SUM(X66:X77) -> 94389 | Z11: - | AB11: =SUM(AB66:AB77) -> 106138 | AD11: =AB11+N11 -> 196795 | AF11: 2008
B12: 2009 | D12: =SUM(D78:D89) -> 19088 | F12: =SUM(F78:F89) -> 97824 | H12: =SUM(H78:H89) -> 594 | I12: =SUM(I78:I89) -> 0 | J12: =SUM(J78:J89) -> 2851 | K12: =SUM(K78:K89) -> 0 | L12: =SUM(L78:L89) -> 19682 | M12: =SUM(M78:M89) -> 0 | N12: =SUM(N78:N89) -> 100675 | O12: =SUM(O78:O89) -> 0 | ... Y12: =SUM(Y78:Y89) -> 0 | Z12: - | AB12: =SUM(AB78:AB89) -> 124818 | AD12: =AB12+N12 -> 225493 | AF12: 2009
B13: 2010 | D13: =SUM(D90:D101) -> 20531 | F13: =SUM(F90:F101) -> 94909 | H13: =SUM(H90:H101) -> 522 | J13: =SUM(J90:J101) -> 2271 | L13: =SUM(L90:L101) -> 21053 | N13: =SUM(N90:N101) -> 97180 | P13: =SUM(P90:P101) -> 13133 | R13: =SUM(R90:R101) -> 104573 | T13: =SUM(T90:T101) -> 188 | U13: =SUM(U90:U101) -> 1999 | V13: =SUM(V90:V101) -> 13321 | X13: =SUM(X90:X101) -> 106572 | Z13: - | AB13: =SUM(AB90:AB101) -> 140468 | AD13: =AB13+N13 -> 237648 | AF13: 2010
B14: 2011 | D14: =SUM(D102:D113) -> 21752 | F14: =SUM(F102:F113) -> 91107 | H14: =SUM(H102:H113) -> 521 | J14: =SUM(J102:J113) -> 2853 | L14: =SUM(L102:L113) -> 22273 | N14: =SUM(N102:N113) -> 93960 | P14: =SUM(P102:P113) -> 12958 | R14: =SUM(R102:R113) -> 96836 | T14: =SUM(T102:T113) -> 156 | U14: =SUM(U102:U113) -> 1954 | V14: =SUM(V102:V113) -> 13114 | X14: =SUM(X102:X113) -> 98790 | Z14: - | AB14: =SUM(AB102:AB113) -> 154938 | AD14: =AB14+N14 -> 248898 | AF14: 2011
B15: 2012 | D15: =SUM(D114:D125) -> 22594 | F15: =SUM(F114:F125) -> 105611 | H15: =SUM(H114:H125) -> 364 | J15: =SUM(J114:J125) -> 2550 | L15: =D15+H15 -> 22958 | N15: =J15+F15 -> 108161 | P15: =SUM(P114:P125) -> 14803 | R15: =SUM(R114:R125) -> 113158 | T15: =SUM(T114:T125) -> 134 | U15: =SUM(U114:U125) -> 2339 | V15: =P15+T15 -> 14937 | X15: =R15+U15 -> 115497 | Z15: - | AB15: =SUM(AB114:AB125) -> 213243 | AD15: =AB15+N15 -> 321404 | AF15: 2012
B16: 2013 | D16: =SUM(D126:D137) -> 25116 | F16: =SUM(F126:F137) -> 106466 | H16: =SUM(H126:H137) -> 495 | J16: =SUM(J126:J137) -> 3643 | L16: =D16+H16 -> 25611 | N16: =J16+F16 -> 110109 | P16: =SUM(P126:P137) -> 16380 | R16: =SUM(R126:R137) -> 118753 | T16: =SUM(T126:T137) -> 164 | U16: =SUM(U126:U137) -> 3496 | V16: =P16+T16 -> 16544 | W16: =SUM(W126:W137) -> 0 | X16: =R16+U16 -> 122249 | Z16: - | AB16: =SUM(AB126:AB137) -> 247296 | AD16: =AB16+N16 -> 357405 | AF16: 2013
B17: 2014 | D17: =SUM(D138:D149) -> 25268 | F17: =SUM(F138:F149) -> 104471 | H17: =SUM(H138:H149) -> 616 | J17: =SUM(J138:J149) -> 4337 | K17: =SUM(K138:K149) -> 0 | L17: =D17+H17 -> 25884 | N17: =J17+F17 -> 108808 | P17: =SUM(P138:P149) -> 18705 | Q17: =SUM(Q138:Q149) -> 0 | R17: =SUM(R138:R149) -> 117236 | T17: =SUM(T138:T149) -> 375 | U17: =SUM(U138:U149) -> 3531 | V17: =P17+T17 -> 19080 | W17: =SUM(W138:W149) -> 0 | X17: =R17+U17 -> 120767 | Z17: - | AB17: =SUM(AB138:AB149) -> 220205 | AD17: =AB17+N17 -> 329013 | AF17: 2014
B18: 2015 | D18: =SUM(D150:D161) -> 26655 | F18: =SUM(F150:F161) -> 85527 | H18: =SUM(H150:H161) -> 307 | J18: =SUM(J150:J161) -> 4425 | K18: =SUM(K150:K161) -> 0 | L18: =D18+H18 -> 26962 | N18: =J18+F18 -> 89952 | O18: =SUM(O150:O161) -> 0 | P18: =SUM(P150:P161) -> 19116 | Q18: =SUM(Q150:Q161) -> 0 | R18: =SUM(R150:R161) -> 95301 | S18: =SUM(S150:S161) -> 0 | T18: =SUM(T150:T161) -> 161 | U18: =SUM(U150:U161) -> 3030 | V18: =P18+T18 -> 19277 | W18: =SUM(W150:W161) -> 0 | X18: =R18+U18 -> 98331 | Y18: =SUM(Y150:Y161) -> 0 | Z18: - | AB18: =SUM(AB150:AB161) -> 201873 | AD18: =AB18+N18 -> 291825 | AF18: 2015
B19: 2016 | D19: =SUM(D162:D173) -> 24801 | F19: =SUM(F162:F173) -> 89358 | H19: =SUM(H162:H173) -> 359 | J19: =SUM(J162:J173) -> 5759 | K19: =SUM(K162:K173) -> 0 | L19: =D19+H19 -> 25160 | N19: =J19+F19 -> 95117 | P19: 20118 | Q19: =SUM(Q162:Q173) -> 0 | R19: 91064 | S19: =SUM(S162:S173) -> 0 | T19: 165 | U19: 4406 | V19: =P19+T19 -> 20283 | W19: =SUM(W162:W173) -> 0 | X19: =R19+U19 -> 95470 | Z19: - | AB19: =SUM(AB162:AB173) -> 256482 | AD19: =N19+AB19 -> 351599 | AF19: 2016
B20: 2017 | D20: =SUM(D174:D185) -> 27418 | F20: =SUM(F174:F185) -> 103463 | H20: =SUM(H174:H185) -> 830 | J20: =SUM(J174:J185) -> 5707 | K20: =SUM(K174:K185) -> 0 | L20: =SUM(L174:L185) -> 28248 | N20: =SUM(N174:N185) -> 109170 | P20: =SUM(P174:P185) -> 25845 | Q20: =SUM(Q174:Q185) -> 0 | R20: =SUM(R174:R185) -> 108427 | S20: =SUM(S174:S185) -> 0 | T20: =SUM(T174:T185) -> 441 | U20: =SUM(U174:U185) -> 3831 | V20: =SUM(V174:V185) -> 26286 | W20: =SUM(W174:W185) -> 0 | ... Y20: =SUM(Y174:Y185) -> 0 | Z20: - | AB20: =SUM(AB174:AB185) -> 223551 | AD20: =SUM(AD174:AD185) -> 332721 | AF20: 2017
B21: 2018 | D21: =SUM(D186:D197) -> 28426 | F21: =SUM(F186:F197) -> 111296 | H21: =SUM(H186:H197) -> 510 | J21: =SUM(J186:J197) -> 4338 | K21: =SUM(K186:K197) -> 0 | L21: =SUM(L186:L197) -> 28936 | N21: =SUM(N186:N197) -> 115634 | P21: =SUM(P186:P197) -> 28160 | R21: =SUM(R186:R197) -> 120736 | T21: =SUM(T186:T197) -> 231 | U21: =SUM(U186:U197) -> 3840 | V21: =SUM(V186:V197) -> 28391 | X21: =SUM(X186:X197) -> 124576 | Y21: =SUM(Y186:Y197) -> 0 | Z21: - | AB21: =SUM(AB186:AB197) -> 234567 | AD21: =SUM(AD186:AD197) -> 350201 | AF21: 2018
B22: 2019 | D22: =SUM(D198:D209) -> 34575 | E22: =SUM(E198:E209) -> 0 | F22: =SUM(F198:F209) -> 117154 | H22: =SUM(H198:H209) -> 326 | I22: =SUM(I198:I209) -> 0 | J22: =SUM(J198:J209) -> 3474 | K22: =SUM(K198:K209) -> 0 | L22: =SUM(L198:L209) -> 34901 | M22: =SUM(M198:M209) -> 0 | N22: =SUM(N198:N209) -> 120628 | O22: =SUM(O198:O209) -> 0 | ... Y22: =SUM(Y198:Y209) -> 0 | Z22: - | AB22: =SUM(AB198:AB209) -> 135357 | AD22: =SUM(AD198:AD209) -> 255985 | AF22: 2019
B23: 2020 | D23: =SUM(D210:D221) -> 10392 | E23: =SUM(E210:E221) -> 0 | F23: =SUM(F210:F221) -> 21764 | H23: =SUM(H210:H221) -> 17 | I23: =SUM(I210:I221) -> 0 | J23: =SUM(J210:J221) -> 201 | K23: =SUM(K210:K221) -> 0 | L23: =SUM(L210:L221) -> 10409 | M23: =SUM(M210:M221) -> 0 | N23: =SUM(N210:N221) -> 21965 | O23: =SUM(O210:O221) -> 0 | ... Y23: =SUM(Y210:Y221) -> 0 | Z23: - | AB23: =SUM(AB210:AB221) -> 60401 | AD23: =SUM(AD210:AD221) -> 82366 | AF23: 2020
B24: 2021 | D24: =SUM(D222:D233) -> 3495 | E24: =SUM(E222:E233) -> 0 | F24: =SUM(F222:F233) -> 0 | H24: =SUM(H222:H233) -> 0 | I24: =SUM(I222:I233) -> 0 | J24: =SUM(J222:J233) -> 0 | K24: =SUM(K222:K233) -> 0 | L24: =SUM(L222:L233) -> 3495 | N24: =SUM(N222:N233) -> 0 | P24: =SUM(P222:P233) -> 8964 | Q24: =SUM(Q222:Q233) -> 0 | R24: =SUM(R222:R233) -> 0 | S24: =SUM(S222:S233) -> 0 | T24: - | U24: - | V24: =SUM(V222:V233) -> 8964 | X24: =SUM(X222:X233) -> 0 | Y24: =SUM(Y222:Y233) -> 0 | Z24: - | AB24: =SUM(AB222:AB233) -> 0 | AD24: =SUM(AD222:AD233) -> 0 | AF24: 2021
B25: 2022 | D25: =SUM(D234:D245) -> 18547 | E25: =SUM(E234:E245) -> 0 | F25: =SUM(F234:F245) -> 30374 | H25: =SUM(H234:H245) -> 0 | I25: =SUM(I234:I245) -> 0 | J25: =SUM(J234:J245) -> 0 | K25: =SUM(K234:K245) -> 0 | L25: =SUM(L234:L245) -> 18547 | M25: =SUM(M234:M245) -> 0 | N25: =SUM(N234:N245) -> 30374 | O25: =SUM(O234:O245) -> 0 | ... S25: =SUM(S234:S245) -> 0 | T25: - | U25: =SUM(U234:U245) -> 12 | V25: =SUM(V234:V245) -> 18172 | W25: =SUM(W234:W245) -> 0 | X25: =SUM(X234:X245) -> 27637 | Y25: =SUM(Y234:Y245) -> 0 | Z25: - | AB25: =SUM(AB234:AB245) -> 34554 | AD25: =SUM(AD234:AD245) -> 65086 | AF25: 2022
B26: 2023 | D26: =SUM(D246:D257) -> 29087 | E26: =SUM(E246:E257) -> 0 | F26: =SUM(F246:F257) -> 75302 | H26: =SUM(H246:H257) -> 350 | I26: =SUM(I246:I257) -> 0 | J26: =SUM(J246:J257) -> 1697 | K26: =SUM(K246:K257) -> 0 | L26: =SUM(L246:L257) -> 29437 | M26: =SUM(M246:M257) -> 0 | N26: =SUM(N246:N257) -> 76999 | O26: =SUM(O246:O257) -> 0 | ... Y26: =SUM(Y246:Y257) -> 0 | Z26: - | AB26: =SUM(AB246:AB257) -> 263578 | AD26: =SUM(AD246:AD257) -> 341605 | AF26: 2023
B27: 2024 | D27: =SUM(D258:D269) -> 29385 | E27: =SUM(E258:E269) -> 0 | F27: =SUM(F258:F269) -> 56685 | H27: =SUM(H258:H269) -> 539 | I27: =SUM(I258:I269) -> 0 | J27: =SUM(J258:J269) -> 2393 | K27: =SUM(K258:K269) -> 0 | L27: =SUM(L258:L269) -> 29924 | M27: =SUM(M258:M269) -> 0 | N27: =SUM(N258:N269) -> 59078 | O27: =SUM(O258:O269) -> 0 | ... Z27: =SUM(Z258:Z269) -> 419 | AB27: =SUM(AB258:AB269) -> 204798 | AD27: =SUM(AD258:AD269) -> 264295 | AF27: 2024
B28: 2025 | D28: =SUM(D270:D281) -> 36822 | E28: =SUM(E270:E281) -> 0 | F28: =SUM(F270:F281) -> 95318 | H28: =SUM(H270:H281) -> 164 | I28: =SUM(I270:I281) -> 0 | J28: =SUM(J270:J281) -> 601 | K28: =SUM(K270:K281) -> 0 | L28: =SUM(L270:L281) -> 36986 | M28: =SUM(M270:M281) -> 0 | N28: =SUM(N270:N281) -> 95919 | O28: =SUM(O270:O281) -> 0 | ... AD28: =SUM(AD270:AD281) -> 275962 | AF28: 2025
B30: 2005 | C30: Jan | D30: 1505 | F30: 4994 | H30: - | J30: - | L30: =D30 -> 1505 | N30: =F30 -> 4994 | O30: =L30+N30 -> 6499 | P30: 1403 | R30: 7103 | T30: - | U30: - | V30: =P30 -> 1403 | X30: =R30 -> 7103 | Z30: - | AB30: 7585 | AF30: 2005 | AG30: Jan
B31: 2005 | C31: Feb | D31: 903 | F31: 3440 | H31: - | J31: - | L31: =D31 -> 903 | N31: =F31 -> 3440 | O31: =L31+N31 -> 4343 | P31: 1120 | R31: 3367 | T31: - | U31: - | V31: =P31 -> 1120 | X31: =R31 -> 3367 | Z31: - | AB31: 3533 | AF31: 2005 | AG31: Fév
B32: 2005 | C32: Mar | D32: 1058 | F32: 4214 | H32: - | J32: - | L32: =D32 -> 1058 | N32: =F32 -> 4214 | O32: =L32+N32 -> 5272 | P32: 1103 | R32: 4014 | T32: - | U32: - | V32: =P32 -> 1103 | X32: =R32 -> 4014 | Z32: - | AB32: 8336 | AF32: 2005 | AG32: Mar
B33: 2005 | C33: Apr | D33: 1186 | F33: 4186 | H33: - | J33: - | L33: =D33 -> 1186 | N33: =F33 -> 4186 | O33: =L33+N33 -> 5372 | P33: 947 | R33: 4244 | T33: - | U33: - | V33: =P33 -> 947 | X33: =R33 -> 4244 | Z33: - | AB33: 7949 | AF33: 2005 | AG33: Avr
B34: 2005 | C34: May | D34: 860 | F34: 4008 | H34: - | J34: - | L34: =D34 -> 860 | N34: =F34 -> 4008 | O34: =L34+N34 -> 4868 | P34: 979 | R34: 4391 | T34: - | U34: - | V34: =P34 -> 979 | X34: =R34 -> 4391 | Z34: - | AB34: 3562 | AF34: 2005 | AG34: Mai
B35: 2005 | C35: Jun | D35: 1111 | F35: 5115 | H35: - | J35: - | L35: =D35 -> 1111 | N35: =F35 -> 5115 | O35: =L35+N35 -> 6226 | P35: 859 | R35: 4304 | T35: - | U35: - | V35: =P35 -> 859 | X35: =R35 -> 4304 | Z35: - | AB35: 1775 | AF35: 2005 | AG35: Juin
B36: 2005 | C36: July | D36: 1307 | F36: 6428 | H36: - | J36: - | L36: =D36 -> 1307 | N36: =F36 -> 6428 | O36: =L36+N36 -> 7735 | P36: 1023 | R36: 6499 | T36: - | U36: - | V36: =P36 -> 1023 | X36: =R36 -> 6499 | Z36: - | AB36: 2984 | AF36: 2005 | AG36: Juil
B37: 2005 | C37: Aug | D37: 1168 | F37: 5394 | H37: - | J37: - | L37: =D37 -> 1168 | N37: =F37 -> 5394 | O37: =L37+N37 -> 6562 | P37: 1122 | R37: 5777 | T37: - | U37: - | V37: =P37 -> 1122 | X37: =R37 -> 5777 | Z37: - | AB37: 9350 | AF37: 2005 | AG37: Aoû
B38: 2005 | C38: Sep | D38: 1034 | F38: 6685 | H38: - | J38: - | L38: =D38 -> 1034 | N38: =F38 -> 6685 | O38: =L38+N38 -> 7719 | P38: 981 | R38: 6257 | T38: - | U38: - | V38: =P38 -> 981 | X38: =R38 -> 6257 | Z38: - | AB38: 4683 | AF38: 2005 | AG38: Sep
B39: 2005 | C39: Oct | D39: 1008 | F39: 5897 | H39: - | J39: - | L39: =D39 -> 1008 | N39: =F39 -> 5897 | O39: =L39+N39 -> 6905 | P39: 1006 | R39: 6502 | T39: - | U39: - | V39: =P39 -> 1006 | X39: =R39 -> 6502 | Z39: - | AB39: 6823 | AF39: 2005 | AG39: Oct
B40: 2005 | C40: Nov | D40: 1195 | F40: 5544 | H40: - | J40: - | L40: =D40 -> 1195 | N40: =F40 -> 5544 | O40: =L40+N40 -> 6739 | P40: 1250 | R40: 4830 | T40: - | U40: - | V40: =P40 -> 1250 | X40: =R40 -> 4830 | Z40: - | AB40: 2371 | AF40: 2005 | AG40: Nov
B41: 2005 | C41: Dec | D41: 1453 | F41: 6177 | H41: - | J41: - | L41: =D41 -> 1453 | N41: =F41 -> 6177 | O41: =L41+N41 -> 7630 | P41: 1815 | R41: 5076 | T41: - | U41: - | V41: =P41 -> 1815 | X41: =R41 -> 5076 | Z41: - | AB41: 4603 | AF41: 2005 | AG41: Déc
... B51: 2006 | C51: Oct | D51: 1212 | F51: 6239 | H51: - | J51: - | L51: =D51 -> 1212 | N51: =F51 -> 6239 | O51: =L51+N51 -> 7451 | P51: 1060 | R51: 7335 | T51: - | U51: - | V51: =P51 -> 1060 | X51: =R51 -> 7335 | Z51: - | AB51: 9204 | AF51: 2006 | AG51: Oct
B52: 2006 | C52: Nov | D52: 1237 | F52: 5870 | H52: 35 | J52: 166 | L52: =D52+H52 -> 1272 | N52: =F52+J52 -> 6036 | O52: =L52+N52 -> 7308 | P52: n.a | R52: n.a | T52: n.a | U52: n.a | V52: n.a | X52: n.a | Z52: - | AB52: 4219 | AF52: 2006 | AG52: Nov
B53: 2006 | C53: Dec | D53: 1556 | F53: 6985 | H53: 50 | J53: 226 | L53: =D53+H53 -> 1606 | N53: =F53+J53 -> 7211 | O53: =L53+N53 -> 8817 | P53: n.a | R53: n.a | T53: n.a | U53: n.a | V53: n.a | X53: n.a | Z53: - | AB53: 5202 | AF53: 2006 | AG53: Déc
B54: 2007 | C54: Jan | D54: 1801 | F54: 6393 | H54: 77 | J54: 86 | L54: =D54+H54 -> 1878 | N54: =F54+J54 -> 6479 | O54: =L54+N54 -> 8357 | P54: n.a | R54: n.a | T54: n.a | U54: n.a | V54: n.a | X54: n.a | Z54: - | AB54: 10571 | AF54: 2007 | AG54: Jan
B55: 2007 | C55: Feb | D55: 1111 | F55: 4144 | H55: 58 | J55: 90 | L55: =D55+H55 -> 1169 | N55: =F55+J55 -> 4234 | O55: =L55+N55 -> 5403 | P55: n.a | R55: n.a | T55: n.a | U55: n.a | V55: n.a | X55: n.a | Z55: - | AB55: 9363 | AF55: 2007 | AG55: Fév
B56: 2007 | C56: Mar | D56: 963 | F56: 5683 | H56: 34 | J56: 85 | L56: =D56+H56 -> 997 | N56: =F56+J56 -> 5768 | O56: =L56+N56 -> 6765 | P56: n.a | R56: n.a | T56: n.a | U56: n.a | V56: n.a | X56: n.a | Z56: - | AB56: 6281 | AF56: 2007 | AG56: Mar
B57: 2007 | C57: Apr | D57: 1215 | F57: 6213 | H57: 88 | J57: 116 | L57: =D57+H57 -> 1303 | N57: =F57+J57 -> 6329 | O57: =L57+N57 -> 7632 | P57: 1180 | R57: 6143 | T57: 90 | U57: 104 | V57: =P57+T57 -> 1270 | X57: =R57+U57 -> 6247 | Z57: - | AB57: 9484 | AF57: 2007 | AG57: Avr
B58: 2007 | C58: May | D58: 1056 | F58: 5743 | H58: 33 | J58: 99 | L58: =D58+H58 -> 1089 | N58: =F58+J58 -> 5842 | O58: =L58+N58 -> 6931 | P58: 1043 | R58: 5627 | T58: 44 | U58: 75 | V58: =P58+T58 -> 1087 | X58: =R58+U58 -> 5702 | Z58: - | AB58: 7587 | AF58: 2007 | AG58: Mai
B59: 2007 | C59: June | D59: 1041 | F59: 6583 | H59: 11 | J59: 53 | L59: =D59+H59 -> 1052 | N59: =F59+J59 -> 6636 | O59: =L59+N59 -> 7688 | P59: 1123 | R59: 6000 | T59: 56 | U59: 87 | V59: =P59+T59 -> 1179 | X59: =R59+U59 -> 6087 | Z59: - | AB59: 4022 | AF59: 2007 | AG59: Juin
B60: 2007 | C60: July | D60: 1227 | F60: 9257 | H60: 77 | J60: 45 | L60: =D60+H60 -> 1304 | N60: =F60+J60 -> 9302 | O60: =L60+N60 -> 10606 | P60: 1226 | R60: 9599 | T60: 49 | U60: 64 | V60: =P60+T60 -> 1275 | X60: =R60+U60 -> 9663 | Z60: - | AB60: 4954 | AF60: 2007 | AG60: Juil
B61: 2007 | C61: Aug | D61: 1042 | F61: 6903 | H61: 69 | J61: 173 | L61: =D61+H61 -> 1111 | N61: =F61+J61 -> 7076 | O61: =L61+N61 -> 8187 | P61: 1053 | R61: 7288 | T61: 59 | U61: 103 | V61: =P61+T61 -> 1112 | X61: =R61+U61 -> 7391 | Z61: - | AB61: 2290 | AF61: 2007 | AG61: Aoû
B62: 2007 | C62: Sept | D62: 1262 | F62: 8160 | H62: 20 | J62: 144 | L62: 1282 | N62: 8304 | P62: na | R62: na | T62: na | U62: na | V62: na | X62: na | Z62: - | AB62: 5344 | AF62: 2007 | AG62: Sept
B63: 2007 | C63: Oct | D63: 1165 | F63: 6678 | H63: 34 | J63: 108 | L63: =D63+H63 -> 1199 | N63: =F63+J63 -> 6786 | O63: =L63+N63 -> 7985 | P63: 1045 | R63: 7585 | T63: 30 | U63: 165 | V63: =P63+T63 -> 1075 | X63: =R63+U63 -> 7750 | Z63: - | AB63: 7758 | AF63: 2007 | AG63: Oct
B64: 2007 | C64: Nov | D64: 1390 | F64: 6701 | H64: 28 | J64: 168 | L64: =D64+H64 -> 1418 | N64: =F64+J64 -> 6869 | O64: =L64+N64 -> 8287 | P64: 1045 | R64: 7585 | T64: 30 | U64: 165 | V64: =P64+T64 -> 1075 | X64: =R64+U64 -> 7750 | Z64: - | AB64: 6687 | AF64: 2007 | AG64: Nov
B65: 2007 | C65: Dec | D65: 1913 | F65: 7596 | H65: 44 | J65: 124 | L65: =D65+H65 -> 1957 | N65: =F65+J65 -> 7720 | O65: =L65+N65 -> 9677 | P65: 1174 | R65: 6902 | T65: 33 | U65: 126 | V65: =P65+T65 -> 1207 | X65: =R65+U65 -> 7028 | Z65: - | AB65: 11396 | AF65: 2007 | AG65: Dec
B66: 2008 | C66: Jan | D66: 1569 | F66: 6413 | H66: 42 | J66: 153 | L66: =D66+H66 -> 1611 | N66: =F66+J66 -> 6566 | O66: =L66+N66 -> 8177 | P66: 1298 | R66: 8507 | T66: 54 | U66: 102 | V66: =P66+T66 -> 1352 | X66: =R66+U66 -> 8609 | Z66: - | AB66: 15490 | AF66: 2008 | AG66: Jan
B67: 2008 | C67: Feb | D67: 1393 | F67: 4648 | H67: 39 | J67: 156 | L67: =D67+H67 -> 1432 | N67: =F67+J67 -> 4804 | O67: =L67+N67 -> 6236 | P67: 1393 | R67: 5246 | T67: 37 | U67: 123 | V67: =P67+T67 -> 1430 | X67: =R67+U67 -> 5369 | Z67: - | AB67: 10615 | AF67: 2008 | AG67: Fév
B68: 2008 | C68: Mar | D68: 1167 | F68: 6012 | H68: 41 | J68: 136 | L68: =D68+H68 -> 1208 | N68: =F68+J68 -> 6148 | O68: =L68+N68 -> 7356 | P68: 1410 | R68: 6298 | T68: 27 | U68: 130 | V68: =P68+U68 -> 1540 | X68: =R68+U68 -> 6428 | Z68: - | AB68: 5801 | AF68: 2008 | AG68: Mar
B69: 2008 | C69: Apr | D69: 1175 | F69: 5958 | H69: 43 | J69: 214 | L69: =D69+H69 -> 1218 | N69: =F69+J69 -> 6172 | O69: =L69+N69 -> 7390 | P69: 1409 | R69: 5658 | T69: 80 | U69: 102 | V69: =P69+U69 -> 1511 | X69: =R69+U69 -> 5760 | Z69: - | AB69: 5763 | AF69: 2008 | AG69: Avr
B70: 2008 | C70: May | D70: 1583 | F70: 6303 | H70: 56 | J70: 199 | L70: =D70+H70 -> 1639 | N70: =F70+J70 -> 6502 | O70: =L70+N70 -> 8141 | P70: 1094 | R70: 6898 | T70: 33 | U70: 194 | V70: =P70+U70 -> 1288 | X70: =R70+U70 -> 7092 | Z70: - | AB70: 7569 | AF70: 2008 | AG70: Mai
B71: 2008 | C71: Jun | D71: 1549 | F71: 7793 | H71: 42 | J71: 267 | L71: =D71+H71 -> 1591 | N71: =F71+J71 -> 8060 | O71: =L71+N71 -> 9651 | P71: 1218 | R71: 6766 | T71: 39 | U71: 119 | V71: =P71+U71 -> 1337 | X71: =R71+U71 -> 6885 | Z71: - | AB71: 3368 | AF71: 2008 | AG71: Juin
B72: 2008 | C72: Jul | D72: 1669 | F72: 9277 | H72: 40 | J72: 266 | L72: =D72+H72 -> 1709 | N72: =F72+J72 -> 9543 | O72: =L72+N72 -> 11252 | P72: 1344 | R72: 9796 | T72: 52 | U72: 291 | V72: =P72+T72 -> 1396 | X72: =R72+U72 -> 10087 | Z72: - | AB72: 9333 | AF72: 2008 | AG72: Juil
B73: 2008 | C73: Aug | D73: 1702 | F73: 8550 | H73: 88 | J73: 249 | L73: =D73+H73 -> 1790 | N73: =F73+J73 -> 8799 | O73: =L73+N73 -> 10589 | P73: 1194 | R73: 9022 | T73: 62 | U73: 230 | V73: =P73+T73 -> 1256 | X73: =R73+U73 -> 9252 | Z73: - | AB73: 5564 | AF73: 2008 | AG73: Aoû
B74: 2008 | C74: Sep | D74: 1880 | F74: 9032 | H74: 53 | J74: 251 | L74: 1933 | N74: 9283 | P74: 1246 | R74: 8588 | T74: 38 | U74: 231 | V74: 1284 | X74: 8819 | Z74: - | AB74: 3776 | AF74: 2008 | AG74: Sep
B75: 2008 | C75: Oct | D75: 1613 | F75: 8260 | H75: 37 | J75: 160 | L75: =D75+H75 -> 1650 | N75: =F75+J75 -> 8420 | O75: =L75+N75 -> 10070 | P75: 1502 | R75: 9121 | T75: 43 | U75: 185 | V75: =P75+T75 -> 1545 | X75: =R75+U75 -> 9306 | Z75: - | AB75: 16750 | AF75: 2008 | AG75: Oct
B76: 2008 | C76: Nov | D76: 1627 | F76: 7773 | H76: 40 | J76: 163 | L76: =D76+H76 -> 1667 | N76: =F76+J76 -> 7936 | O76: =L76+N76 -> 9603 | P76: 1338 | R76: 8338 | T76: 39 | U76: 128 | V76: =P76+T76 -> 1377 | X76: =R76+U76 -> 8466 | Z76: - | AB76: 9655 | AF76: 2008 | AG76: Nov
B77: 2008 | C77: Dec | D77: 1620 | F77: 8222 | H77: 64 | J77: 202 | L77: =D77+H77 -> 1684 | N77: =F77+J77 -> 8424 | O77: =L77+N77 -> 10108 | P77: 1401 | R77: 8191 | T77: 48 | U77: 125 | V77: =P77+T77 -> 1449 | X77: =R77+U77 -> 8316 | Z77: - | AB77: 12454 | AF77: 2008 | AG77: Dec
B78: 2009 | C78: Jan | D78: 1869 | F78: 8121 | H78: 42 | J78: 153 | L78: =D78+H78 -> 1911 | N78: =F78+J78 -> 8274 | P78: 2924 | R78: 9269 | T78: 80 | U78: 275 | V78: =P78+T78 -> 3004 | X78: =R78+U78 -> 9544 | Z78: - | AB78: 20944 | AD78: =AB78+N78 -> 29218 | AF78: 2009 | AG78: Jan
B79: 2009 | C79: Feb | D79: 1372 | F79: 5804 | H79: 49 | J79: 98 | L79: =D79+H79 -> 1421 | N79: =F79+J79 -> 5902 | P79: 1595 | R79: 6430 | T79: 38 | U79: 129 | V79: =P79+T79 -> 1633 | X79: =R79+U79 -> 6559 | Z79: - | AB79: 13533 | AD79: =AB79+N79 -> 19435 | AF79: 2009 | AG79: Fév
B80: 2009 | C80: Mar | D80: 1228 | F80: 6444 | H80: 34 | J80: 113 | L80: =D80+H80 -> 1262 | N80: =F80+J80 -> 6557 | P80: 1600 | R80: 6667 | T80: 65 | U80: 102 | V80: =P80+T80 -> 1665 | X80: =R80+U80 -> 6769 | Z80: - | AB80: 10421 | AD80: =AB80+N80 -> 16978 | AF80: 2009 | AG80: Mar
B81: 2009 | C81: Apr | D81: 1627 | F81: 7303 | H81: 34 | J81: 185 | L81: =D81+H81 -> 1661 | N81: =F81+J81 -> 7488 | P81: 861 | R81: 7591 | T81: 47 | U81: 133 | V81: =P81+T81 -> 908 | X81: =R81+U81 -> 7724 | Z81: - | AB81: 17271 | AD81: =AB81+N81 -> 24759 | AF81: 2009 | AG81: Avr
B82: 2009 | C82: May | D82: 1692 | F82: 7197 | H82: 69 | J82: 157 | L82: =D82+H82 -> 1761 | N82: =F82+J82 -> 7354 | P82: 866 | R82: 7604 | T82: 36 | U82: 84 | V82: =P82+T82 -> 902 | X82: =R82+U82 -> 7688 | Z82: - | AB82: 9362 | AD82: =AB82+N82 -> 16716 | AF82: 2009 | AG82: Mai
B83: 2009 | C83: Jun | D83: 1812 | F83: 7197 | H83: 59 | J83: 306 | L83: =D83+H83 -> 1871 | N83: =F83+J83 -> 7503 | P83: 442 | R83: 4263 | T83: 41 | U83: 166 | V83: =P83+T83 -> 483 | X83: =R83+U83 -> 4429 | Z83: - | AB83: 3954 | AD83: =AB83+N83 -> 11457 | AF83: 2009 | AG83: Juin
B84: 2009 | C84: Jul | D84: 1485 | F84: 11191 | H84: 46 | J84: 309 | L84: =D84+H84 -> 1531 | N84: =F84+J84 -> 11500 | P84: 858 | R84: 11406 | T84: 55 | U84: 261 | V84: =P84+T84 -> 913 | X84: =R84+U84 -> 11667 | Z84: - | AB84: 11529 | AD84: =AB84+N84 -> 23029 | AF84: 2009 | AG84: Juil
B85: 2009 | C85: Aug | D85: 1444 | F85: 8737 | H85: 47 | J85: 344 | L85: =D85+H85 -> 1491 | N85: =F85+J85 -> 9081 | P85: 927 | R85: 11096 | T85: 32 | U85: 312 | V85: =P85+T85 -> 959 | X85: =R85+U85 -> 11408 | Z85: - | AB85: 3906 | AD85: =AB85+N85 -> 12987 | AF85: 2009 | AG85: Aoû
B86: 2009 | C86: Sep | D86: 1594 | F86: 10083 | H86: 61 | J86: 366 | L86: 1655 | N86: 10449 | P86: 715 | R86: 9710 | T86: 42 | U86: 268 | V86: 757 | X86: 9978 | Z86: - | AB86: 7479 | AD86: =AB86+N86 -> 17928 | AF86: 2009 | AG86: Sep
B87: 2009 | C87: Oct | D87: 1473 | F87: 9814 | H87: 48 | J87: 321 | L87: =D87+H87 -> 1521 | N87: =F87+J87 -> 10135 | P87: 1007 | R87: 10486 | T87: 30 | U87: 309 | V87: =P87+T87 -> 1037 | X87: =R87+U87 -> 10795 | Z87: - | AB87: 10777 | AD87: =AB87+N87 -> 20912 | AF87: 2009 | AG87: Oct
B88: 2009 | C88: Nov | D88: 1554 | F88: 7525 | H88: 53 | J88: 214 | L88: =D88+H88 -> 1607 | N88: =F88+J88 -> 7739 | P88: 263 | R88: 1376 | T88: 27 | U88: 199 | V88: =P88+T88 -> 290 | X88: =R88+U88 -> 1575 | Z88: - | AB88: 5735 | AD88: =AB88+N88 -> 13474 | AF88: 2009 | AG88: Nov
B89: 2009 | C89: Dec | D89: 1938 | F89: 8408 | H89: 52 | J89: 285 | L89: =D89+H89 -> 1990 | N89: =F89+J89 -> 8693 | P89: 2510 | R89: 15928 | T89: 15 | U89: 192 | V89: =P89+T89 -> 2525 | X89: =R89+U89 -> 16120 | Z89: - | AB89: 9907 | AD89: =AB89+N89 -> 18600 | AF89: 2009 | AG89: Dec
B90: 2010 | C90: Jan | D90: 1827 | F90: 7643 | H90: 57 | J90: 178 | L90: =D90+H90 -> 1884 | N90: =F90+J90 -> 7821 | P90: 1083 | R90: 10209 | T90: 43 | U90: 330 | V90: =P90+T90 -> 1126 | X90: =R90+U90 -> 10539 | Z90: - | AB90: 15286 | AD90: =AB90+N90 -> 23107 | AF90: 2010 | AG90: Jan
B91: 2010 | C91: Feb | D91: 1382 | F91: 5571 | H91: 21 | J91: 35 | L91: =D91+H91 -> 1403 | N91: =F91+J91 -> 5606 | P91: 1578 | R91: 5738 | T91: 32 | U91: 312 | V91: =P91+T91 -> 1610 | X91: =R91+U91 -> 6050 | Z91: - | AB91: 5860 | AD91: =AB91+N91 -> 11466 | AF91: 2010 | AG91: Fév
B92: 2010 | C92: Mar | D92: 1197 | F92: 6454 | H92: 28 | J92: 16 | L92: =D92+H92 -> 1225 | N92: =F92+J92 -> 6470 | P92: 1167 | R92: 6824 | T92: 5 | U92: 6 | V92: =P92+T92 -> 1172 | X92: =R92+U92 -> 6830 | Z92: - | AB92: 12784 | AD92: =AB92+N92 -> 19254 | AF92: 2010 | AG92: Mar
B93: 2010 | C93: Apr | D93: 1437 | F93: 6481 | H93: 42 | J93: 140 | L93: =D93+H93 -> 1479 | N93: =F93+J93 -> 6621 | P93: 849 | R93: 7184 | T93: 10 | U93: 73 | V93: =P93+T93 -> 859 | X93: =R93+U93 -> 7257 | Z93: - | AB93: 12775 | AD93: =AB93+N93 -> 19396 | AF93: 2010 | AG93: Avr
B94: 2010 | C94: May | D94: 2041 | F94: 6745 | H94: 33 | J94: 122 | L94: =D94+H94 -> 2074 | N94: =F94+J94 -> 6867 | P94: 990 | R94: 7294 | T94: 2 | U94: 100 | V94: =P94+T94 -> 992 | X94: =R94+U94 -> 7394 | Z94: - | AB94: 7557 | AD94: =AB94+N94 -> 14424 | AF94: 2010 | AG94: Mai
B95: 2010 | C95: June | D95: 1793 | F95: 7750 | H95: 37 | J95: 285 | L95: =D95+H95 -> 1830 | N95: =F95+J95 -> 8035 | P95: 824 | R95: 7503 | T95: 10 | U95: 111 | V95: =P95+T95 -> 834 | X95: =R95+U95 -> 7614 | Z95: - | AB95: 12984 | AD95: =AB95+N95 -> 21019 | AF95: 2010 | AG95: Juin
B96: 2010 | C96: July | D96: 1772 | F96: 10319 | H96: 43 | J96: 275 | L96: =D96+H96 -> 1815 | N96: =F96+J96 -> 10594 | P96: 914 | R96: 11225 | T96: 15 | U96: 200 | V96: =P96+T96 -> 929 | X96: =R96+U96 -> 11425 | Z96: - | AB96: 9334 | AD96: =AB96+N96 -> 19928 | AF96: 2010 | AG96: Juil
B97: 2010 | C97: Aug | D97: 1565 | F97: 9321 | H97: 35 | J97: 311 | L97: =D97+H97 -> 1600 | N97: =F97+J97 -> 9632 | P97: 909 | R97: 10831 | T97: 8 | U97: 176 | V97: =P97+T97 -> 917 | X97: =R97+U97 -> 11007 | Z97: - | AB97: 11304 | AD97: =AB97+N97 -> 20936 | AF97: 2010 | AG97: Aoû
B98: 2010 | C98: Sep | D98: 2018 | F98: 8998 | H98: 54 | J98: 289 | L98: =D98+H98 -> 2072 | N98: =F98+J98 -> 9287 | P98: 1037 | R98: 9877 | T98: 18 | U98: 310 | V98: =P98+T98 -> 1055 | X98: =R98+U98 -> 10187 | Z98: - | AB98: 11548 | AD98: =AB98+N98 -> 20835 | AF98: 2010 | AG98: Sep
... B103: 2011 | C103: Feb | D103: 1307 | F103: 4567 | H103: 39 | J103: 58 | L103: =D103+H103 -> 1346 | N103: =F103+J103 -> 4625 | P103: 936 | R103: 2922 | T103: 5 | U103: 66 | V103: =P103+T103 -> 941 | X103: =R103+U103 -> 2988 | Z103: - | AB103: 14976 | AD103: =AB103+N103 -> 19601 | AF103: 2011 | AG103: Fév
B104: 2011 | C104: Mar | D104: 1384 | F104: 5210 | H104: 22 | J104: 93 | L104: =D104+H104 -> 1406 | N104: =F104+J104 -> 5303 | P104: 1203 | R104: 5211 | T104: - | U104: - | V104: =P104 -> 1203 | X104: =R104 -> 5211 | Z104: - | AB104: 7613 | AD104: =AB104+N104 -> 12916 | AF104: 2011 | AG104: Mar
B105: 2011 | C105: Apr | D105: 1635 | F105: 7183 | H105: 44 | J105: 236 | L105: =D105+H105 -> 1679 | N105: =F105+J105 -> 7419 | P105: 899 | R105: 7722 | T105: 12 | U105: 141 | V105: =P105+T105 -> 911 | X105: =R105+U105 -> 7863 | Z105: - | AB105: 15725 | AD105: =AB105+N105 -> 23144 | AF105: 2011 | AG105: Avr
B106: 2011 | C106: May | D106: 1781 | F106: 6247 | H106: 43 | J106: 197 | L106: =D106+H106 -> 1824 | N106: =F106+J106 -> 6444 | P106: 1097 | R106: 7364 | T106: 12 | U106: 210 | V106: =P106+T106 -> 1109 | X106: =R106+U106 -> 7574 | Z106: - | AB106: 17031 | AD106: =AB106+N106 -> 23475 | AF106: 2011 | AG106: Mai
B107: 2011 | C107: Jun | D107: 1818 | F107: 8053 | H107: 38 | J107: 265 | L107: =D107+H107 -> 1856 | N107: =F107+J107 -> 8318 | P107: 778 | R107: 7903 | T107: 3 | U107: 54 | V107: =P107+T107 -> 781 | X107: =R107+U107 -> 7957 | Z107: - | AB107: 18363 | AD107: =AB107+N107 -> 26681 | AF107: 2011 | AG107: Juin
B108: 2011 | C108: Jul | D108: 1828 | F108: 10419 | H108: 38 | J108: 310 | L108: =D108+H108 -> 1866 | N108: =F108+J108 -> 10729 | P108: 994 | R108: 11297 | T108: 30 | U108: 277 | V108: =P108+T108 -> 1024 | X108: =R108+U108 -> 11574 | Z108: - | AB108: 11411 | AD108: =AB108+N108 -> 22140 | AF108: 2011 | AG108: Juil
B109: 2011 | C109: Aug | D109: 1797 | F109: 9255 | H109: 42 | J109: 367 | L109: =D109+H109 -> 1839 | N109: =F109+J109 -> 9622 | P109: 1201 | R109: 9700 | T109: 16 | U109: 203 | V109: =P109+T109 -> 1217 | X109: =R109+U109 -> 9903 | Z109: - | AB109: 7511 | AD109: =AB109+N109 -> 17133 | AF109: 2011 | AG109: Aoû
B110: 2011 | C110: Sep | D110: 2341 | F110: 9203 | H110: 52 | J110: 343 | L110: =D110+H110 -> 2393 | N110: =F110+J110 -> 9546 | P110: 914 | R110: 9894 | T110: 19 | U110: 205 | V110: =P110+T110 -> 933 | X110: =R110+U110 -> 10099 | Z110: - | AB110: 13066 | AD110: =AB110+N110 -> 22612 | AF110: 2011 | AG110: Sep
B111: 2011 | C111: Oct | D111: 1760 | F111: 8354 | H111: 55 | J111: 283 | L111: =D111+H111 -> 1815 | N111: =F111+J111 -> 8637 | P111: 1377 | R111: 10398 | T111: 13 | U111: 237 | V111: =P111+T111 -> 1390 | X111: =R111+U111 -> 10635 | Z111: - | AB111: 7210 | AD111: =AB111+N111 -> 15847 | AF111: 2011 | AG111: Oct
B112: 2011 | C112: Nov | D112: 1885 | F112: 7353 | H112: 51 | J112: 302 | L112: =D112+H112 -> 1936 | N112: =F112+J112 -> 7655 | P112: 1412 | R112: 8617 | T112: 7 | U112: 186 | V112: =P112+T112 -> 1419 | X112: =R112+U112 -> 8803 | Z112: - | AB112: 11268 | AD112: =AB112+N112 -> 18923 | AF112: 2011 | AG112: Nov
B113: 2011 | C113: Dec | D113: 2436 | F113: 8727 | H113: 46 | J113: 263 | L113: =D113+H113 -> 2482 | N113: =F113+J113 -> 8990 | P113: 1419 | R113: 8135 | T113: 14 | U113: 104 | V113: =P113+T113 -> 1433 | X113: =R113+U113 -> 8239 | Z113: - | AB113: 12388 | AD113: =AB113+N113 -> 21378 | AF113: 2011 | AG113: Dec
B114: 2012 | C114: Jan | D114: 2380 | F114: 8591 | H114: 42 | J114: 164 | L114: =D114+H114 -> 2422 | N114: =F114+J114 -> 8755 | P114: 1297 | R114: 10852 | T114: 27 | U114: 310 | V114: =P114+T114 -> 1324 | X114: =R114+U114 -> 11162 | Z114: - | AB114: 27137 | AD114: =AB114+N114 -> 35892 | AF114: 2012 | AG114: Jan
B115: 2012 | C115: Feb | D115: 1202 | F115: 4642 | H115: 22 | J115: 58 | L115: =D115+H115 -> 1224 | N115: =F115+J115 -> 4700 | P115: 1771 | R115: 5178 | T115: 7 | U115: 55 | V115: =P115+T115 -> 1778 | X115: =R115+U115 -> 5233 | Z115: - | AB115: 19613 | AD115: =AB115+N115 -> 24313 | AF115: 2012 | AG115: Fév
...

Sheet Tab 2.Purpose of visit
B1: Table 2 : Visitor Arrivals by Purpose of Visit
B2: Tableau 2 : Arrivées de visiteurs selon le motif du voyage
B4: Year | C4: Month | D4: VISITORS/VISITEURS | Q4: DAY VISITORS | U4: Année | V4: Mois
Q5: VISITEURS D'UN JOUR
D6: Holidays | F6: Visiting Friends and relatives | H6: Business, Meetings/ Conferences | J6: Stop Over | L6: Others, Education, sports | M6: Not | O6: Total | Q6: Cruiseship | S6: Other
M7: Stated | O7: Visitors
D8: Vacances | F8: Visite à des amis et à la famille | H8: Affaires, réunions ou conférence | J8: Escale | L8: Autres, education, sport | M8: non | O8: Visiteurs global | Q8: Croisiéristes | S8: Autres
M9: spécifié
B10: 2005 | D10: =SUM(D32:D43) -> 48022 | E10: =SUM(E32:E43) -> 0 | F10: =SUM(F32:F43) -> 4467 | G10: =SUM(G32:G43) -> 0 | H10: =SUM(H32:H43) -> 8424 | I10: =SUM(I32:I43) -> 0 | J10: =SUM(J32:J43) -> 1343 | K10: =SUM(K32:K43) -> 0 | ... O10: =SUM(O32:O43) -> 62257 | U10: 2005
B11: 2006 | D11: =SUM(D44:D55) -> 53030 | E11: =SUM(E44:E55) -> 0 | F11: =SUM(F44:F55) -> 5061 | G11: =SUM(G44:G55) -> 0 | H11: =SUM(H44:H55) -> 9312 | I11: =SUM(I44:I55) -> 0 | J11: =SUM(J44:J55) -> 775 | K11: =SUM(K44:K55) -> 0 | ... O11: =SUM(O44:O55) -> 68178 | U11: 2006
B12: 2007 | D12: =SUM(D56:D67) -> 55382.007 | E12: =SUM(E56:E67) -> 0 | F12: =SUM(F56:F67) -> 5301.9456 | G12: =SUM(G56:G67) -> 0 | H12: =SUM(H56:H67) -> 10446.113 | I12: =SUM(I56:I67) -> 0 | J12: =SUM(J56:J67) -> 976.9348 | K12: =SUM(K56:K67) -> 0 | ... O12: =SUM(O56:O67) -> 78893 | U12: 2007
B13: 2008 | D13: =SUM(D68:D79) -> 70313.394 | F13: =SUM(F68:F79) -> 9783.8228 | H13: =SUM(H68:H79) -> 9965.407 | J13: =SUM(J68:J79) -> 594.37619 | L13: =SUM(L68:L79) -> 0 | O13: =SUM(O68:O79) -> 90657 | U13: 2008
B14: 2009 | D14: =SUM(D80:D91) -> 84956.752 | F14: =SUM(F80:F91) -> 5498.9336 | H14: =SUM(H80:H91) -> 9419.8013 | J14: =SUM(J80:J91) -> 510.09615 | L14: =SUM(L80:L91) -> 289.41699 | M14: =SUM(M80:M91) -> 0 | N14: =SUM(N80:N91) -> 0 | O14: =SUM(O80:O91) -> 100675 | U14: 2009
B15: 2010 | D15: =SUM(D92:D103) -> 80681.286 | F15: =SUM(F92:F103) -> 6078.8652 | H15: =SUM(H92:H103) -> 9615.2753 | J15: =SUM(J92:J103) -> 691.57339 | L15: =SUM(L92:L103) -> 113 | M15: =SUM(M92:M103) -> 0 | N15: =SUM(N92:N103) -> 0 | O15: =SUM(O92:O103) -> 97180 | U15: 2010
B16: 2011 | D16: =SUM(D104:D115) -> 75821 | F16: =SUM(F104:F115) -> 7320 | H16: =SUM(H104:H115) -> 9933 | J16: =SUM(J104:J115) -> 790 | L16: =SUM(L104:L115) -> 96 | M16: =SUM(M104:M115) -> 0 | N16: =SUM(N104:N115) -> 0 | O16: =SUM(O104:O115) -> 93960 | U16: 2011
B17: 2012 | D17: =SUM(D116:D127) -> 88085 | F17: =SUM(F116:F127) -> 7910 | H17: =SUM(H116:H127) -> 11294 | J17: =SUM(J116:J127) -> 602 | L17: =SUM(L116:L127) -> 270 | M17: =SUM(M116:M127) -> 0 | N17: =SUM(N116:N127) -> 833 | O17: =SUM(D17:L17) -> 108161 | U17: 2012
B18: 2013 | D18: =SUM(D128:D139) -> 89253 | F18: =SUM(F128:F139) -> 7755 | H18: =SUM(H128:H139) -> 9079 | J18: =SUM(J128:J139) -> 613 | L18: =SUM(L128:L139) -> 3409 | M18: =SUM(M128:M139) -> 0 | N18: =SUM(N128:N139) -> 0 | O18: =SUM(D18:L18) -> 110109 | U18: 2013
B19: 2014 | D19: =SUM(D140:D151) -> 86239 | F19: =SUM(F140:F151) -> 7672 | H19: =SUM(H140:H151) -> 8007 | J19: =SUM(J140:J151) -> 1022 | L19: =SUM(L140:L151) -> 5868 | M19: =SUM(M140:M151) -> 0 | N19: =SUM(N140:N151) -> 0 | O19: =SUM(D19:L19) -> 108808 | U19: 2014
B20: 2015 | D20: =SUM(D152:D163) -> 63625 | F20: =SUM(F152:F163) -> 8495 | H20: =SUM(H152:H163) -> 8687 | J20: =SUM(J152:J163) -> 336 | L20: =SUM(L152:L163) -> 8809 | M20: =SUM(M152:M163) -> 0 | N20: =SUM(N152:N163) -> 0 | O20: =SUM(D20:L20) -> 89952 | U20: 2015
B21: 2016 | D21: =SUM(D164:D175) -> 71088 | F21: =SUM(F164:F175) -> 8300 | H21: =SUM(H164:H175) -> 8521 | J21: =SUM(J164:J175) -> 551 | L21: =SUM(L164:L175) -> 6657 | M21: =SUM(M164:M175) -> 0 | N21: =SUM(N164:N175) -> 0 | O21: =SUM(D21:L21) -> 95117 | U21: 2016
B22: 2017 | D22: =SUM(D176:D187) -> 83465 | F22: =SUM(F176:F187) -> 8940 | H22: =SUM(H176:H187) -> 8338 | J22: =SUM(J176:J187) -> 897 | L22: =SUM(L176:L187) -> 7530 | M22: =SUM(M176:M187) -> 0 | N22: =SUM(N176:N187) -> 0 | O22: =SUM(O176:O187) -> 109170 | U22: 2017
B23: 2018 | D23: =SUM(D188:D199) -> 91726 | F23: =SUM(F188:F199) -> 8616 | H23: =SUM(H188:H199) -> 7552 | J23: =SUM(J188:J199) -> 645 | L23: =SUM(L188:L199) -> 7095 | M23: =SUM(M188:M199) -> 0 | N23: =SUM(N188:N199) -> 0 | O23: =SUM(O188:O199) -> 115634 | U23: 2018
B24: 2019 | D24: =SUM(D200:D211) -> 95849 | E24: =SUM(E200:E211) -> 0 | F24: =SUM(F200:F211) -> 8764 | H24: =SUM(H200:H211) -> 8059 | J24: =SUM(J200:J211) -> 524 | L24: =SUM(L200:L211) -> 7432 | M24: =SUM(M200:M211) -> 0 | N24: =SUM(N200:N211) -> 0 | O24: =SUM(O200:O211) -> 120628 | U24: 2019
B25: 2020 | D25: =SUM(D212:D223) -> 17166 | E25: =SUM(E212:E223) -> 0 | F25: =SUM(F212:F223) -> 1445 | H25: =SUM(H212:H223) -> 1085 | J25: =SUM(J212:J223) -> 448 | L25: =SUM(L212:L223) -> 1821 | M25: =SUM(M212:M223) -> 0 | N25: =SUM(N212:N223) -> 0 | O25: =SUM(O212:O223) -> 21965 | U25: 2020
B26: 2021 | D26: =SUM(D224:D235) -> 0 | F26: =SUM(F224:F235) -> 0 | H26: =SUM(H224:H235) -> 0 | J26: =SUM(J224:J235) -> 0 | L26: =SUM(L224:L235) -> 0 | M26: =SUM(M224:M235) -> 0 | N26: =SUM(N224:N235) -> 0 | O26: =SUM(O224:O235) -> 0 | U26: 2021
B27: 2022 | D27: =SUM(D236:D247) -> 23859 | F27: =SUM(F236:F247) -> 3202 | H27: =SUM(H236:H247) -> 1757 | J27: =SUM(J236:J247) -> 204 | L27: =SUM(L236:L247) -> 1352 | M27: =SUM(M236:M247) -> 0 | N27: =SUM(N236:N247) -> 0 | O27: =SUM(O236:O247) -> 30374 | U27: 2022
B28: 2023 | D28: =SUM(D248:D259) -> 66478 | E28: =SUM(E248:E259) -> 0 | F28: =SUM(F248:F259) -> 3870 | H28: =SUM(H248:H259) -> 2705 | J28: =SUM(J248:J259) -> 742 | L28: =SUM(L248:L259) -> 3204 | M28: =SUM(M248:M259) -> 0 | N28: =SUM(N248:N259) -> 0 | O28: =SUM(O248:O259) -> 76999 | U28: 2023
B29: 2024 | D29: =SUM(D260:D271) -> 43431 | E29: =SUM(E260:E271) -> 0 | F29: =SUM(F260:F271) -> 4791 | H29: =SUM(H260:H271) -> 4180 | J29: =SUM(J260:J271) -> 500 | L29: =SUM(L260:L271) -> 6176 | M29: =SUM(M260:M271) -> 0 | N29: =SUM(N260:N271) -> 0 | O29: =SUM(O260:O271) -> 59078 | U29: 2024
B30: 2025 | D30: =SUM(D272:D283) -> 74631 | E30: =SUM(E272:E283) -> 0 | F30: =SUM(F272:F283) -> 6094 | H30: =SUM(H272:H283) -> 4898 | J30: =SUM(J272:J283) -> 808 | L30: =SUM(L272:L283) -> 9488 | M30: =SUM(M272:M283) -> 0 | N30: =SUM(N272:N283) -> 0 | O30: =SUM(O272:O283) -> 95919 | U30: 2025
B32: 2005 | C32: Jan | D32: 4024 | F32: 272 | H32: 515 | J32: 169 | L32: 0 | M32: - | O32: =SUM(D32:M32) -> 4980 | Q32: 7585 | S32: - | U32: 2005 | V32: Jan
B33: 2005 | C33: Feb | D33: 2567 | F33: 180 | H33: 599 | J33: 79 | L33: 0 | M33: - | O33: =SUM(D33:M33) -> 3425 | Q33: 3533 | S33: - | U33: 2005 | V33: Fév
B34: 2005 | C34: Mar | D34: 3034 | F34: 352 | H34: 683 | J34: 145 | L34: 0 | M34: - | O34: =SUM(D34:M34) -> 4214 | Q34: 7016 | S34: - | U34: 2005 | V34: Mar
B35: 2005 | C35: Apr | D35: 3090 | F35: 281 | H35: 669 | J35: 146 | L35: 0 | M35: - | O35: =SUM(D35:M35) -> 4186 | Q35: 7949 | S35: - | U35: 2005 | V35: Avr
B36: 2005 | C36: May | D36: 2999 | F36: 245 | H36: 730 | J36: 34 | L36: 0 | M36: - | O36: =SUM(D36:M36) -> 4008 | Q36: 3562 | S36: - | U36: 2005 | V36: Mai
B37: 2005 | C37: Jun | D37: 3784 | F37: 542 | H37: 626 | J37: 163 | L37: 0 | M37: - | O37: =SUM(D37:M37) -> 5115 | Q37: 1775 | S37: - | U37: 2005 | V37: Juin
B38: 2005 | C38: July | D38: 4630 | F38: 648 | H38: 1031 | J38: 119 | L38: 0 | M38: - | O38: =SUM(D38:M38) -> 6428 | Q38: 2984 | S38: - | U38: 2005 | V38: Juil
B39: 2005 | C39: Aug | D39: 3928 | F39: 426 | H39: 898 | J39: 142 | L39: 0 | M39: - | O39: =SUM(D39:M39) -> 5394 | Q39: 9350 | S39: - | U39: 2005 | V39: Aoû
B40: 2005 | C40: Sep | D40: 5546 | F40: 240 | H40: 790 | J40: 109 | L40: 0 | M40: - | O40: =SUM(D40:M40) -> 6685 | Q40: 4683 | S40: - | U40: 2005 | V40: Sep
B41: 2005 | C41: Oct | D41: 5022 | F41: 241 | H41: 732 | J41: 106 | L41: 0 | M41: - | O41: =SUM(D41:M41) -> 6101 | Q41: 6823 | S41: - | U41: 2005 | V41: Oct
B42: 2005 | C42: Nov | D42: 4425 | F42: 338 | H42: 698 | J42: 82 | L42: 0 | M42: 1 | O42: =SUM(D42:M42) -> 5544 | Q42: 2371 | S42: - | U42: 2005 | V42: Nov
B43: 2005 | C43: Dec | D43: 4973 | F43: 702 | H43: 453 | J43: 49 | L43: 0 | M43: - | O43: =SUM(D43:M43) -> 6177 | Q43: 4603 | S43: - | U43: 2005 | V43: Déc
B44: 2006 | C44: Jan | D44: 4544 | F44: 448 | H44: 627 | J44: 43 | L44: 0 | M44: - | O44: =SUM(D44:M44) -> 5662 | Q44: 10705 | S44: - | U44: 2006 | V44: Jan
B45: 2006 | C45: Feb | D45: 3091 | F45: 275 | H45: 558 | J45: 24 | L45: 0 | M45: - | O45: =SUM(D45:M45) -> 3948 | Q45: 9297 | S45: - | U45: 2006 | V45: Fév
B46: 2006 | C46: Mar | D46: 3308 | F46: 154 | H46: 703 | J46: 13 | L46: 0 | M46: - | O46: =SUM(D46:M46) -> 4178 | Q46: 7943 | S46: - | U46: 2006 | V46: Mar
B47: 2006 | C47: Apr | D47: 3721 | F47: 331 | H47: 675 | J47: 15 | L47: 0 | M47: - | O47: =SUM(D47:M47) -> 4742 | Q47: 9615 | S47: - | U47: 2006 | V47: Avr
B48: 2006 | C48: May | D48: 3458 | F48: 308 | H48: 813 | J48: 74 | L48: 0 | M48: - | O48: =SUM(D48:M48) -> 4653 | Q48: 6902 | S48: - | U48: 2006 | V48: Mai
B49: 2006 | C49: June | D49: 4387 | F49: 353 | H49: 959 | J49: 50 | L49: 0 | M49: - | O49: =SUM(D49:M49) -> 5749 | Q49: 2928 | S49: - | U49: 2006 | V49: Juin
B50: 2006 | C50: July | D50: 5301 | F50: 641 | H50: 732 | J50: 38 | L50: 0 | M50: - | O50: =SUM(D50:M50) -> 6712 | Q50: 4506 | S50: - | U50: 2006 | V50: Juil
B51: 2006 | C51: Aug | D51: 4441 | F51: 453 | H51: 877 | J51: 46 | L51: 0 | M51: - | O51: =SUM(D51:M51) -> 5817 | Q51: 6068 | S51: - | U51: 2006 | V51: Aoû
B52: 2006 | C52: Sep | D52: 5781 | F52: 449 | H52: 873 | J52: 128 | L52: 0 | M52: - | O52: =SUM(D52:M52) -> 7231 | Q52: 9333 | S52: - | U52: 2006 | V52: Sep
B53: 2006 | C53: Oct | D53: 4801 | F53: 395 | H53: 913 | J53: 130 | L53: 0 | M53: - | O53: =SUM(D53:M53) -> 6239 | Q53: 9204 | S53: - | U53: 2006 | V53: Oct
B54: 2006 | C54: Nov | D54: 4504 | F54: 418 | H54: 1014 | J54: 100 | L54: 0 | M54: - | O54: =SUM(D54:M54) -> 6036 | Q54: 4219 | S54: - | U54: 2006 | V54: Nov
... B56: 2007 | C56: Jan | D56: 5336.9012 | F56: 523.9728 | H56: 590.77165 | J56: 27.354331 | L56: 0 | M56: - | O56: =SUM(D56:M56) -> 6479 | Q56: 10571 | S56: - | U56: 2007 | V56: Jan
B57: 2007 | C57: Feb | D57: 3259.2809 | F57: 281.99421 | H57: 566.03185 | J57: 126.69305 | L57: 0 | M57: - | O57: =SUM(D57:M57) -> 4234 | Q57: 9363 | U57: 2007 | V57: Fév
B58: 2007 | C58: Mar | D58: 4162.3382 | F58: 321.74133 | H58: 1091.0787 | J58: 192.84181 | L58: 0 | M58: - | O58: =SUM(D58:M58) -> 5768 | Q58: ='Table 1 Summary'!AB56 -> 6281 | U58: 2007 | V58: Mar
B59: 2007 | C59: Apr | D59: 5045.4751 | F59: 474.70047 | H59: 625.46371 | J59: 183.3607 | L59: 0 | M59: - | O59: =SUM(D59:M59) -> 6329 | Q59: 9484 | U59: 2007 | V59: Avr
B60: 2007 | C60: May | D60: 4218.4876 | F60: 506.58471 | H60: 1048.7728 | J60: 68.154971 | L60: 0 | M60: - | O60: =SUM(D60:M60) -> 5842 | Q60: 9485 | U60: 2007 | V60: Mai
B61: 2007 | C61: June | D61: 5169.2857 | F61: 550.39587 | H61: 867.93195 | J61: 48.38645 | L61: 0 | M61: - | O61: =SUM(D61:M61) -> 6636 | U61: 2007 | V61: Juin
B62: 2007 | C62: July | D62: 7173.704 | F62: 720.48547 | H62: 1170.6633 | J62: 237.14724 | L62: 0 | M62: - | O62: =SUM(D62:M62) -> 9302 | U62: 2007 | V62: Juil
B63: 2007 | C63: Aug | D63: 5611.187 | F63: 504.33029 | H63: 911.27973 | J63: 49.202955 | L63: 0 | M63: - | O63: =SUM(D63:M63) -> 7076 | U63: 2007 | V63: Aoû
B64: 2007 | C64: Sep | D64: na | F64: na | H64: na | J64: na | L64: na | O64: na | U64: 2007 | V64: Sep
B65: 2007 | C65: Oct | D65: 5117.4447 | F65: 464.39084 | H65: 1187.9057 | J65: 16.25876 | L65: 6786 | M65: - | O65: =SUM(D65:M65) -> 13572 | U65: 2007 | V65: Oct
B66: 2007 | C66: Nov | D66: 5117.4447 | F66: 464.39084 | H66: 1187.9057 | J66: 16.25876 | L66: 0 | M66: - | O66: =SUM(D66:M66) -> 6786 | U66: 2007 | V66: Nov
B67: 2007 | C67: Dec | D67: 5170.4575 | F67: 488.95881 | H67: 1198.3079 | J67: 11.27578 | L67: 0 | M67: - | O67: =SUM(D67:M67) -> 6869 | U67: 2007 | V67: Dec
B68: 2008 | C68: Jan | D68: 5008.7123 | F68: 1007.4761 | H68: 510.90504 | J68: 38.906596 | L68: 0 | M68: - | O68: =SUM(D68:M68) -> 6566 | U68: 2008 | V68: Jan
B69: 2008 | C69: Feb | D69: 2632.4845 | F69: 1738.4527 | H69: 382.41824 | J69: 50.644578 | L69: 0 | M69: - | O69: =SUM(D69:M69) -> 4804 | U69: 2008 | V69: Fév
B70: 2008 | C70: Mar | D70: 5259.342 | F70: 369.16633 | H70: 495.97139 | J70: 23.520293 | L70: 0 | M70: - | O70: =SUM(D70:M70) -> 6148 | U70: 2008 | V70: Mar
B71: 2008 | C71: Apr | D71: 5281.1104 | F71: 427.83417 | H71: 443.37294 | J71: 19.682444 | L71: 0 | M71: - | O71: =SUM(D71:M71) -> 6172 | U71: 2008 | V71: Avr
B72: 2008 | C72: May | D72: 4707.0643 | F72: 821.13152 | H72: 957.29906 | J72: 16.505156 | L72: 0 | M72: - | O72: =SUM(D72:M72) -> 6502 | U72: 2008 | V72: Mai
B73: 2008 | C73: Jun | D73: 5952.175 | F73: 931.86963 | H73: 1133.5506 | J73: 42.404722 | L73: 0 | M73: - | O73: =SUM(D73:M73) -> 8060 | U73: 2008 | V73: Juin
B74: 2008 | C74: Jul | D74: 7643.0409 | F74: 834.25385 | H74: 994.72685 | J74: 70.978441 | L74: 0 | M74: - | O74: =SUM(D74:M74) -> 9543 | U74: 2008 | V74: Juil
B75: 2008 | C75: Aug | D75: 6785.0067 | F75: 701.86175 | H75: 1279.1996 | J75: 32.93193 | L75: 0 | M75: - | O75: =SUM(D75:M75) -> 8799 | U75: 2008 | V75: Aoû
B76: 2008 | C76: Sep | D76: 7687.8698 | F76: 538.562 | H76: 971.26163 | J76: 85.306577 | L76: 0 | M76: - | O76: =SUM(D76:M76) -> 9283 | U76: 2008 | V76: Sep
... B84: 2009 | C84: May | D84: 5835.5834 | F84: 446.533 | H84: 1033.0546 | J84: 38.828957 | L84: 0 | M84: - | O84: =SUM(D84:M84) -> 7354 | U84: 2009 | V84: Mai
B85: 2009 | C85: Jun | D85: 5825.589 | F85: 869.45977 | H85: 786.05836 | J85: 21.892872 | L85: - | M85: - | O85: =SUM(D85:M85) -> 7503 | U85: 2009 | V85: Juin
B86: 2009 | C86: Jul | D86: 10114 | F86: 483 | H86: 822 | J86: 47 | L86: 34 | M86: - | O86: =SUM(D86:M86) -> 11500 | U86: 2009 | V86: Juil
B87: 2009 | C87: Aug | D87: 7615 | F87: 301 | H87: 1090 | J87: 74 | L87: 1 | M87: - | O87: =SUM(D87:M87) -> 9081 | U87: 2009 | V87: Aoû
B88: 2009 | C88: Sep | D88: 9515 | F88: 90 | H88: 829 | J88: 4 | L88: 11 | M88: 0 | O88: =SUM(D88:M88) -> 10449 | U88: 2009 | V88: Sep
B89: 2009 | C89: Oct | D89: 8950.4835 | F89: 175.56042 | H89: 979.00754 | J89: 29.948543 | L89: 0 | M89: - | O89: =SUM(D89:M89) -> 10135 | U89: 2009 | V89: Oct
B90: 2009 | C90: Nov | D90: 6744.4999 | F90: 231.39867 | H90: 722.99229 | J90: 40.109103 | L90: 0 | M90: - | O90: =SUM(D90:M90) -> 7739 | U90: 2009 | V90: Nov
B91: 2009 | C91: Dec | D91: 7772.8323 | F91: 558.304 | H91: 331.88071 | J91: 29.982992 | L91: 0 | M91: - | O91: =SUM(D91:M91) -> 8693 | U91: 2009 | V91: Dec
B92: 2010 | C92: Jan | D92: 6744.4997 | F92: 426.71163 | H92: 558.71595 | J92: 91.072746 | L92: 0 | M92: - | O92: =SUM(D92:M92) -> 7821 | U92: 2010 | V92: Jan
B93: 2010 | C93: Feb | D93: 4161 | F93: 323 | H93: 1060 | J93: 62 | L93: 0 | M93: - | O93: =SUM(D93:M93) -> 5606 | U93: 2010 | V93: Fév
B94: 2010 | C94: Mar | D94: 5217 | F94: 397 | H94: 790 | J94: 64 | L94: 2 | M94: - | O94: =SUM(D94:M94) -> 6470 | U94: 2010 | V94: Mar
B95: 2010 | C95: Apr | D95: 5441 | F95: 349 | H95: 784 | J95: 44 | L95: 3 | M95: - | O95: =SUM(D95:M95) -> 6621 | U95: 2010 | V95: Avr
B96: 2010 | C96: May | D96: 5495 | F96: 415 | H96: 908 | J96: 42 | L96: 7 | M96: - | O96: =SUM(D96:M96) -> 6867 | U96: 2010 | V96: Mai
B97: 2010 | C97: Jun | D97: 6393.7865 | F97: 709.15355 | H97: 861.55935 | J97: 70.500645 | L97: 0 | M97: - | O97: =SUM(D97:M97) -> 8035 | U97: 2010 | V97: Juin
B98: 2010 | C98: Jul | D98: 8600 | F98: 912 | H98: 996 | J98: 69 | L98: 17 | O98: =SUM(D98:M98) -> 10594 | U98: 2010 | V98: Juil
B99: 2010 | C99: Aug | D99: 7460 | F99: 668 | H99: 1387 | J99: 107 | L99: 10 | O99: =SUM(D99:M99) -> 9632 | U99: 2010 | V99: Aoû
B100: 2010 | C100: Sep | D100: 8045 | F100: 408 | H100: 760 | J100: 29 | L100: 45 | O100: =SUM(D100:M100) -> 9287 | U100: 2010 | V100: Sep
B101: 2010 | C101: Oct | D101: 8391 | F101: 201 | H101: 377 | J101: 24 | L101: 8 | M101: - | O101: =SUM(D101:M101) -> 9001 | U101: 2010 | V101: Oct
B102: 2010 | C102: Nov | D102: 7051 | F102: 193 | H102: 321 | J102: 31 | L102: 17 | O102: =SUM(D102:M102) -> 7613 | U102: 2010 | V102: Nov
B103: 2010 | C103: Dec | D103: 7682 | F103: 1077 | H103: 812 | J103: 58 | L103: 4 | O103: =SUM(D103:M103) -> 9633 | U103: 2010 | V103: Dec
B104: 2011 | C104: Jan | D104: 5670 | F104: 529 | H104: 389 | J104: 78 | L104: 6 | O104: =SUM(D104:M104) -> 6672 | U104: 2011 | V104: Jan
B105: 2011 | C105: Feb | D105: 3390 | F105: 400 | H105: 751 | J105: 84 | L105: - | O105: =SUM(D105:M105) -> 4625 | U105: 2011 | V105: Fév
B106: 2011 | C106: Mar | D106: 4006 | F106: 432 | H106: 829 | J106: 36 | L106: 0 | O106: =SUM(D106:M106) -> 5303 | U106: 2011 | V106: Mar
B107: 2011 | C107: Apr | D107: 6082 | F107: 527 | H107: 742 | J107: 68 | L107: 0 | O107: =SUM(D107:M107) -> 7419 | U107: 2011 | V107: Avr
B108: 2011 | C108: May | D108: 4786 | F108: 553 | H108: 1002 | J108: 100 | L108: 3 | O108: =SUM(D108:M108) -> 6444 | U108: 2011 | V108: Mai
B109: 2011 | C109: Jun | D109: 6627 | F109: 643 | H109: 942 | J109: 85 | L109: 21 | O109: =SUM(D109:L109) -> 8318 | U109: 2011 | V109: Juin
B110: 2011 | C110: Jul | D110: 8799 | F110: 914 | H110: 912 | J110: 87 | L110: 17 | O110: =SUM(D110:L110) -> 10729 | U110: 2011 | V110: Juil
...

Sheet Tab 3.Count of usual residence
B1: Table 3 : Visitor Arrivals by Usual Country of Residence
B2: Tableau 3 : Arrivées des visiteurs par pays de résidence habituelle
D4: Australia | F4: New Zealand | H4: New Caledonia | J4: Other Pacific Countries | L4: Europe | N4: North America | P4: Japan | R4: China | T4: Other Countries | W4: TOTAL
B7: Year | C7: Month | D7: Australie | F7: Nouvelle- | H7: Nouvelle- | J7: Autres Pays | N7: Amérique | P7: Japon | R7: Chine | T7: Autres | Y7: Année | Z7: Mois
F8: Zélande | H8: Calédonie | J8: du Pacifique | N8: du Nord | T8: pays
B9: 2005 | D9: =SUM(D31:D42) -> 38190 | E9: =SUM(E31:E42) -> 0 | F9: =SUM(F31:F42) -> 7700 | G9: =SUM(G31:G42) -> 0 | H9: =SUM(H31:H42) -> 6817 | I9: =SUM(I31:I42) -> 0 | J9: =SUM(J31:J42) -> 2735 | K9: =SUM(K31:K42) -> 0 | ... W9: =SUM(W31:W42) -> 62285 | Y9: 2005
B10: 2006 | D10: =SUM(D43:D54) -> 40385 | E10: =SUM(E43:E54) -> 0 | F10: =SUM(F43:F54) -> 9821 | G10: =SUM(G43:G54) -> 0 | H10: =SUM(H43:H54) -> 7480 | I10: =SUM(I43:I54) -> 0 | J10: =SUM(J43:J54) -> 2681 | K10: =SUM(K43:K54) -> 0 | ... W10: =SUM(W43:W54) -> 68179 | Y10: 2006
B11: 2007 | D11: =SUM(D55:D66) -> 41951.783 | E11: =SUM(E55:E66) -> 0 | F11: =SUM(F55:F66) -> 12438.468 | G11: =SUM(G55:G66) -> 0 | H11: =SUM(H55:H66) -> 7140.063 | I11: =SUM(I55:I66) -> 0 | J11: =SUM(J55:J66) -> 2437.8227 | K11: =SUM(K55:K66) -> 0 | ... W11: =SUM(W55:W66) -> 72107 | Y11: 2007
B12: 2008 | D12: =SUM(D67:D78) -> 53250.717 | F12: =SUM(F67:F78) -> 13915.822 | H12: =SUM(H67:H78) -> 9647.9864 | J12: =SUM(J67:J78) -> 3758.9017 | L12: =SUM(L67:L78) -> 4887.134 | N12: =SUM(N67:N78) -> 2578.4763 | P12: =SUM(P67:P78) -> 590.24076 | R12: =SUM(R67:R78) -> 0 | T12: =SUM(T67:T78) -> 2027.7217 | U12: =SUM(U67:U78) -> 0 | W12: =SUM(W67:W78) -> 90657 | Y12: 2008
B13: 2009 | D13: =SUM(D79:D90) -> 64908.577 | F13: =SUM(F79:F90) -> 12606.533 | H13: =SUM(H79:H90) -> 9155.1666 | J13: =SUM(J79:J90) -> 3707.7812 | L13: =SUM(L79:L90) -> 4889.5757 | N13: =SUM(N79:N90) -> 2549.2553 | P13: =SUM(P79:P90) -> 642.28423 | R13: 573 | T13: 1642.8272 | U13: =SUM(U79:U90) -> 0 | W13: =SUM(W79:W90) -> 100675 | Y13: 2009
B14: 2010 | D14: =SUM(D91:D102) -> 58760.113 | F14: =SUM(F91:F102) -> 11927.074 | H14: =SUM(H91:H102) -> 11410.125 | J14: =SUM(J91:J102) -> 4719.2827 | L14: =SUM(L91:L102) -> 4887.6704 | N14: =SUM(N91:N102) -> 2394.5595 | P14: =SUM(P91:P102) -> 517.19331 | R14: 693 | T14: 1870.9819 | U14: =SUM(U91:U102) -> 0 | W14: =SUM(W91:W102) -> 97180 | Y14: 2010
B15: 2011 | D15: =SUM(D103:D114) -> 57843 | F15: =SUM(F103:F114) -> 11399 | H15: =SUM(H103:H114) -> 11376 | J15: =SUM(J103:J114) -> 3397 | L15: =SUM(L103:L114) -> 5265 | N15: =SUM(N103:N114) -> 1922 | P15: =SUM(P103:P114) -> 630 | R15: 581 | T15: 1547 | U15: =SUM(U103:U114) -> 0 | W15: =SUM(W103:W114) -> 93960 | Y15: 2011
B16: 2012 | D16: =SUM(D115:D126) -> 65405 | F16: =SUM(F115:F126) -> 14430 | H16: =SUM(H115:H126) -> 13138 | J16: =SUM(J115:J126) -> 4313 | L16: =SUM(L115:L126) -> 5491 | N16: =SUM(N115:N126) -> 2094 | P16: =SUM(P115:P126) -> 705 | R16: 623 | T16: 1962 | U16: =SUM(U115:U126) -> 0 | W16: =SUM(D16:T16) -> 108161 | Y16: 2012
B17: 2013 | D17: =SUM(D127:D138) -> 65776 | F17: =SUM(F127:F138) -> 15068 | H17: =SUM(H127:H138) -> 12515 | J17: =SUM(J127:J138) -> 4874 | L17: =SUM(L127:L138) -> 5544 | N17: =SUM(N127:N138) -> 2614 | P17: =SUM(P127:P138) -> 659 | R17: 1062 | T17: 1997 | U17: =SUM(U127:U138) -> 0 | W17: =SUM(D17:T17) -> 110109 | Y17: 2013
B18: 2014 | D18: =SUM(D139:D150) -> 60808 | F18: =SUM(F139:F150) -> 16293 | H18: =SUM(H139:H150) -> 12756 | J18: =SUM(J139:J150) -> 6630 | L18: =SUM(L139:L150) -> 5591 | M18: =SUM(M139:M150) -> 0 | N18: =SUM(N139:N150) -> 2373 | P18: =SUM(P139:P150) -> 763 | Q18: =SUM(Q139:Q150) -> 0 | R18: 1563 | T18: 2031 | U18: =SUM(U139:U150) -> 0 | W18: =SUM(D18:T18) -> 108808 | Y18: 2014
B19: 2015 | D19: =SUM(D151:D162) -> 46098 | F19: =SUM(F151:F162) -> 13422 | H19: =SUM(H151:H162) -> 10567 | J19: =SUM(J151:J162) -> 5953 | L19: =SUM(L151:L162) -> 5839 | N19: =SUM(N151:N162) -> 2962 | P19: =SUM(P151:P162) -> 633 | R19: =SUM(R151:R162) -> 2186 | T19: =SUM(T151:T162) -> 2292 | W19: =SUM(D19:T19) -> 89952 | Y19: 2015
B20: 2016 | D20: =SUM(D163:D174) -> 49752 | F20: =SUM(F163:F174) -> 10931 | H20: =SUM(H163:H174) -> 9681 | J20: =SUM(J163:J174) -> 5705 | L20: =SUM(L163:L174) -> 10067 | N20: =SUM(N163:N174) -> 2893 | P20: =SUM(P163:P174) -> 903 | R20: =SUM(R163:R174) -> 2736 | T20: =SUM(T163:T174) -> 2449 | W20: =SUM(D20:T20) -> 95117 | Y20: 2016
B21: 2017 | D21: =SUM(D175:D186) -> 57387 | F21: =SUM(F175:F186) -> 11554 | H21: =SUM(H175:H186) -> 15880 | J21: =SUM(J175:J186) -> 7147 | L21: =SUM(L175:L186) -> 6806 | N21: =SUM(N175:N186) -> 3016 | P21: =SUM(P175:P186) -> 1076 | R21: =SUM(R175:R186) -> 3612 | T21: =SUM(T175:T186) -> 2692 | W21: =SUM(W175:W186) -> 109170 | Y21: 2017
B22: 2018 | D22: =SUM(D187:D198) -> 60616 | E22: =SUM(E187:E198) -> 0 | F22: =SUM(F187:F198) -> 13432 | G22: =SUM(G187:G198) -> 0 | H22: =SUM(H187:H198) -> 15105 | J22: =SUM(J187:J198) -> 6545 | K22: =SUM(K187:K198) -> 0 | L22: =SUM(L187:L198) -> 8023 | M22: =SUM(M187:M198) -> 0 | N22: =SUM(N187:N198) -> 3347 | O22: =SUM(O187:O198) -> 0 | P22: =SUM(P187:P198) -> 963 | Q22: =SUM(Q187:Q198) -> 0 | R22: =SUM(R187:R198) -> 4007 | T22: =SUM(T187:T198) -> 3596 | W22: =SUM(W187:W198) -> 115634 | Y22: 2018
B23: 2019 | D23: =SUM(D199:D210) -> 63122 | E23: =SUM(E199:E210) -> 0 | F23: =SUM(F199:F210) -> 15085 | G23: =SUM(G199:G210) -> 0 | H23: =SUM(H199:H210) -> 14738 | J23: =SUM(J199:J210) -> 6560 | K23: =SUM(K199:K210) -> 0 | L23: =SUM(L199:L210) -> 8992 | M23: =SUM(M199:M210) -> 0 | N23: =SUM(N199:N210) -> 3120 | O23: =SUM(O199:O210) -> 0 | P23: =SUM(P199:P210) -> 1107 | Q23: =SUM(Q199:Q210) -> 0 | R23: =SUM(R199:R210) -> 4671 | T23: =SUM(T199:T210) -> 3233 | V23: =SUM(V199:V210) -> 0 | W23: =SUM(W199:W210) -> 120628 | Y23: 2019
B24: 2020 | D24: =SUM(D211:D222) -> 11248 | E24: =SUM(E211:E222) -> 0 | F24: =SUM(F211:F222) -> 1819 | G24: =SUM(G211:G222) -> 0 | H24: =SUM(H211:H222) -> 3778 | J24: =SUM(J211:J222) -> 1241 | K24: =SUM(K211:K222) -> 0 | L24: =SUM(L211:L222) -> 1728 | M24: =SUM(M211:M222) -> 0 | N24: =SUM(N211:N222) -> 692 | O24: =SUM(O211:O222) -> 0 | P24: =SUM(P211:P222) -> 171 | Q24: =SUM(Q211:Q222) -> 0 | R24: =SUM(R211:R222) -> 680 | T24: =SUM(T211:T222) -> 608 | V24: =SUM(V211:V222) -> 0 | W24: =SUM(W211:W222) -> 21965 | Y24: 2020
B25: 2021 | D25: =SUM(D223:D234) -> 0 | F25: =SUM(F223:F234) -> 0 | H25: =SUM(H223:H234) -> 0 | J25: =SUM(J223:J234) -> 0 | L25: =SUM(L223:L234) -> 0 | N25: =SUM(N223:N234) -> 0 | P25: =SUM(P223:P234) -> 0 | R25: =SUM(R223:R234) -> 0 | T25: =SUM(T223:T234) -> 0 | V25: =SUM(V223:V234) -> 0 | W25: =SUM(W223:W234) -> 0 | Y25: 2021
B26: 2022 | D26: =SUM(D235:D246) -> 17460 | E26: =SUM(E235:E246) -> 0 | F26: =SUM(F235:F246) -> 4124 | G26: =SUM(G235:G246) -> 0 | H26: =SUM(H235:H246) -> 3224 | I26: =SUM(I235:I246) -> 0 | J26: =SUM(J235:J246) -> 1613 | K26: =SUM(K235:K246) -> 0 | ... W26: =SUM(W235:W246) -> 30373 | Y26: 2022
B27: 2023 | D27: =SUM(D247:D258) -> 45232 | E27: =SUM(E247:E258) -> 0 | F27: =SUM(F247:F258) -> 8536 | G27: =SUM(G247:G258) -> 0 | H27: =SUM(H247:H258) -> 6347 | I27: =SUM(I247:I258) -> 0 | J27: =SUM(J247:J258) -> 3177 | K27: =SUM(K247:K258) -> 0 | ... W27: =SUM(W247:W258) -> 76999 | Y27: 2023
B28: 2024 | D28: =SUM(D259:D270) -> 33450 | E28: =SUM(E259:E270) -> 0 | F28: =SUM(F259:F270) -> 4738 | G28: =SUM(G259:G270) -> 0 | H28: =SUM(H259:H270) -> 1349 | I28: =SUM(I259:I270) -> 0 | J28: =SUM(J259:J270) -> 3791 | K28: =SUM(K259:K270) -> 0 | ... W28: =SUM(W259:W270) -> 59078 | Y28: 2024
B29: 2025 | D29: =SUM(D271:D282) -> 58922 | E29: =SUM(E271:E282) -> 0 | F29: =SUM(F271:F282) -> 6046 | G29: =SUM(G271:G282) -> 0 | H29: =SUM(H271:H282) -> 2827 | I29: =SUM(I271:I282) -> 0 | J29: =SUM(J271:J282) -> 5285 | K29: =SUM(K271:K282) -> 0 | ... W29: =SUM(W271:W282) -> 95919 | Y29: 2025
B31: 2005 | C31: Jan | D31: 2967 | F31: 373 | H31: 785 | J31: 352 | L31: 273 | N31: 111 | P31: 50 | R31: - | T31: 83 | W31: =SUM(D31:U31) -> 4994 | Y31: 2005 | Z31: Jan
B32: 2005 | C32: Feb | D32: 2107 | F32: 180 | H32: 500 | J32: 245 | L32: 195 | N32: 80 | P32: 34 | R32: - | T32: 99 | W32: =SUM(D32:U32) -> 3440 | Y32: 2005 | Z32: Fév
B33: 2005 | C33: Mar | D33: 2790 | F33: 390 | H33: 306 | J33: 255 | L33: 202 | N33: 166 | P33: 29 | R33: - | T33: 76 | W33: =SUM(D33:U33) -> 4214 | Y33: 2005 | Z33: Mar
B34: 2005 | C34: Apr | D34: 2914 | F34: 471 | H34: 305 | J34: 111 | L34: 206 | N34: 82 | P34: 45 | R34: - | T34: 52 | W34: =SUM(D34:U34) -> 4186 | Y34: 2005 | Z34: Avr
B35: 2005 | C35: May | D35: 2360 | F35: 485 | H35: 494 | J35: 151 | L35: 230 | N35: 123 | P35: 39 | R35: - | T35: 126 | W35: =SUM(D35:U35) -> 4008 | Y35: 2005 | Z35: Mai
B36: 2005 | C36: Jun | D36: 3164 | F36: 881 | H36: 410 | J36: 143 | L36: 264 | N36: 140 | P36: 52 | R36: - | T36: 61 | W36: =SUM(D36:U36) -> 5115 | Y36: 2005 | Z36: Juin
B37: 2005 | C37: July | D37: 3564 | F37: 966 | H37: 870 | J37: 273 | L37: 460 | N37: 153 | P37: 57 | R37: - | T37: 85 | W37: =SUM(D37:U37) -> 6428 | Y37: 2005 | Z37: Juil
B38: 2005 | C38: Aug | D38: 2963 | F38: 881 | H38: 514 | J38: 201 | L38: 435 | N38: 202 | P38: 68 | R38: - | T38: 130 | W38: =SUM(D38:U38) -> 5394 | Y38: 2005 | Z38: Aoû
B39: 2005 | C39: Sep | D39: 4167 | F39: 896 | H39: 665 | J39: 379 | L39: 272 | N39: 135 | P39: 70 | R39: - | T39: 101 | W39: =SUM(D39:U39) -> 6685 | Y39: 2005 | Z39: Sep
B40: 2005 | C40: Oct | D40: 3818 | F40: 986 | H40: 502 | J40: 216 | L40: 326 | N40: 137 | P40: 30 | R40: - | T40: 86 | W40: =SUM(D40:U40) -> 6101 | Y40: 2005 | Z40: Oct
B41: 2005 | C41: Nov | D41: 3452 | F41: 595 | H41: 648 | J41: 190 | L41: 344 | N41: 148 | P41: 61 | R41: - | T41: 106 | W41: =SUM(D41:U41) -> 5544 | Y41: 2005 | Z41: Nov
B42: 2005 | C42: Dec | D42: 3924 | F42: 596 | H42: 818 | J42: 219 | L42: 309 | N42: 160 | P42: 49 | R42: - | T42: 101 | W42: =SUM(D42:U42) -> 6176 | Y42: 2005 | Z42: Déc
... B62: 2007 | C62: Aug | D62: 3784.5273 | F62: 1471.9884 | H62: 660.13965 | J62: 202.96219 | L62: 465.37795 | N62: 264.46588 | P62: 68.679125 | R62: - | T62: 157.85948 | W62: =SUM(D62:U62) -> 7076 | Y62: 2007 | Z62: Aoû
B63: 2007 | C63: Sep | D63: na | F63: na | H63: na | J63: na | L63: na | N63: na | P63: na | R63: na | T63: na | W63: na | Y63: 2007 | Z63: Sep
B64: 2007 | C64: Oct | D64: 4175.4528 | F64: 1273.2642 | H64: 472.52022 | J64: 202.21833 | L64: 278.43127 | N64: 195.10512 | P64: 58.938005 | R64: - | T64: 130.07008 | W64: =SUM(D64:U64) -> 6786 | Y64: 2007 | Z64: Oct
B65: 2007 | C65: Nov | D65: 4175.4528 | F65: 1273.2642 | H65: 472.52022 | J65: 202.21833 | L65: 278.43127 | N65: 195.10512 | P65: 58.938005 | R65: - | T65: 130.07008 | W65: =SUM(D65:U65) -> 6786 | Y65: 2007 | Z65: Nov
B66: 2007 | C66: Dec | D66: 4050.0551 | F66: 997.39397 | H66: 839.53305 | J66: 246.01701 | L66: 395.67736 | N66: 159.91106 | P66: 35.877481 | R66: - | T66: 144.53499 | W66: =SUM(D66:U66) -> 6869 | Y66: 2007 | Z66: Dec
B67: 2008 | C67: Jan | D67: 3955.1626 | F67: 714.65274 | H67: 945.02074 | J67: 249.8213 | L67: 294.87104 | N67: 229.34414 | P67: 51.192889 | R67: - | T67: 125.93451 | W67: =SUM(D67:U67) -> 6566 | Y67: 2008 | Z67: Jan
B68: 2008 | C68: Feb | D68: 2541.531 | F68: 551.92255 | H68: 824.78313 | J68: 251.15577 | L68: 283.19621 | N68: 152.9673 | P68: 44.443201 | R68: - | T68: 154.00086 | W68: =SUM(D68:U68) -> 4804 | Y68: 2008 | Z68: Fév
B69: 2008 | C69: Mar | D69: 3876.7578 | F69: 776.16966 | H69: 514.37858 | J69: 262.81371 | L69: 317.01264 | N69: 178.95875 | P69: 53.176314 | R69: - | T69: 168.73253 | W69: =SUM(D69:U69) -> 6148 | Y69: 2008 | Z69: Mar
B70: 2008 | C70: Apr | D70: 3502.4391 | F70: 1049.385 | H70: 580.11413 | J70: 295.23666 | L70: 297.30849 | N70: 206.1477 | P70: 75.622021 | R70: - | T70: 165.74689 | W70: =SUM(D70:U70) -> 6172 | Y70: 2008 | Z70: Avr
B71: 2008 | C71: May | D71: 3543.4507 | F71: 810.8158 | H71: 922.22561 | J71: 475.55482 | L71: 296.06124 | N71: 226.9459 | P71: 34.041885 | R71: - | T71: 192.90401 | W71: =SUM(D71:U71) -> 6502 | Y71: 2008 | Z71: Mai
B72: 2008 | C72: Jun | D72: 4578.6757 | F72: 1585.5229 | H72: 689.85243 | J72: 339.23778 | L72: 364.06005 | N72: 237.88015 | P72: 62.055691 | R72: - | T72: 202.71526 | W72: =SUM(D72:U72) -> 8060 | Y72: 2008 | Z72: Juin
B73: 2008 | C73: Jul | D73: 5250.3473 | F73: 1887.6151 | H73: 809.5657 | J73: 265.39765 | L73: 718.0138 | N73: 375.46567 | P73: 32.917538 | R73: - | T73: 203.67727 | W73: =SUM(D73:U73) -> 9543 | Y73: 2008 | Z73: Juil
B74: 2008 | C74: Aug | D74: 4635.1691 | F74: 1876.0909 | H74: 814.03614 | J74: 378.71719 | L74: 566.01754 | N74: 315.9407 | P74: 57.630877 | R74: - | T74: 155.39754 | W74: =SUM(D74:U74) -> 8799 | Y74: 2008 | Z74: Aoû
B75: 2008 | C75: Sep | D75: 5677.5124 | F75: 1472.8232 | H75: 1014.4288 | J75: 294.97575 | L75: 459.42217 | N75: 191.16895 | P75: 54.472874 | R75: - | T75: 118.19586 | W75: =SUM(D75:U75) -> 9283 | Y75: 2008 | Z75: Sep
... B78: 2008 | C78: Dec | D78: 5621.8059 | F78: 705.92751 | H78: 1072.7229 | J78: 308.39504 | L78: 363.72172 | N78: 124.99732 | P78: 48.154707 | R78: - | T78: 178.27487 | W78: =SUM(D78:U78) -> 8424 | Y78: 2008 | Z78: Dec
B79: 2009 | C79: Jan | D79: 5843.0477 | F79: 639.83155 | H79: 922.05024 | J79: 148.75065 | L79: 391.23458 | N79: 124.29849 | P79: 62.149243 | R79: 33 | T79: 109.63761 | W79: =SUM(D79:U79) -> 8274 | Y79: 2009 | Z79: Jan
B80: 2009 | C80: Feb | D80: 3965.8511 | F80: 369.12922 | H80: 558.26981 | J80: 265.40696 | L80: 343.7071 | N80: 153.54962 | P80: 40.675396 | R80: 86 | T80: 119.41075 | W80: =SUM(D80:U80) -> 5902 | Y80: 2009 | Z80: Fév
B81: 2009 | C81: Mar | D81: 4647.0855 | F81: 649.18777 | H81: 362.24271 | J81: 234.03321 | L81: 339.85692 | N81: 138.38485 | P81: 64.104749 | R81: 29 | T81: 93.104283 | W81: =SUM(D81:U81) -> 6557 | Y81: 2009 | Z81: Mar
B82: 2009 | C82: Apr | D82: 5063.0897 | F82: 829.49363 | H82: 642.8832 | J82: 246.07969 | L82: 402.9555 | N82: 128.16651 | P82: 48.190607 | R82: 21 | T82: 106.14117 | W82: =SUM(D82:U82) -> 7488 | Y82: 2009 | Z82: Avr
B83: 2009 | C83: May | D83: 4246.6617 | F83: 1005.4656 | H83: 913.50229 | J83: 352.52605 | L83: 399.52953 | N83: 226.84285 | P83: 45.981659 | R83: 33 | T83: 130.49034 | W83: =SUM(D83:U83) -> 7354 | Y83: 2009 | Z83: Mai
B84: 2009 | C84: Jun | D84: 5097.9116 | F84: 1083.1759 | H84: 366.96624 | J84: 229.3539 | L84: 319.01042 | N84: 214.75865 | P84: 39.615673 | R84: 22 | T84: 130.20759 | W84: =SUM(D84:U84) -> 7503 | Y84: 2009 | Z84: Juin
B85: 2009 | C85: Jul | D85: 6964 | F85: 1939 | H85: 920 | J85: 437 | L85: 560 | N85: 380 | P85: 50 | R85: 69 | T85: 181 | W85: =SUM(D85:U85) -> 11500 | Y85: 2009 | Z85: Juil
B86: 2009 | C86: Aug | D86: 5192 | F86: 1700 | H86: 615 | J86: 355 | L86: 576 | N86: 284 | P86: 91 | R86: 82 | T86: 186 | W86: =SUM(D86:U86) -> 9081 | Y86: 2009 | Z86: Aoû
B87: 2009 | C87: Sep | D87: 6662 | F87: 1524 | H87: 1036 | J87: 327 | L87: 340 | N87: 269 | P87: 86 | R87: 64 | T87: 141 | W87: =SUM(D87:U87) -> 10449 | Y87: 2009 | Z87: Sep
B88: 2009 | C88: Oct | D88: 6633.0859 | F88: 1351.8153 | H88: 790.02191 | J88: 483.30752 | L88: 434.77023 | N88: 212.73793 | P88: 37.177502 | R88: 46 | T88: 146.08376 | W88: =SUM(D88:U88) -> 10135 | Y88: 2009 | Z88: Oct
B89: 2009 | C89: Nov | D89: 4963.2444 | F89: 827.89302 | H89: 830.97834 | J89: 255.05276 | L89: 417.54605 | N89: 228.31336 | P89: 28.796279 | R89: 34 | T89: 153.17581 | W89: =SUM(D89:U89) -> 7739 | Y89: 2009 | Z89: Nov
B90: 2009 | C90: Dec | D90: 5630.5992 | F90: 687.54103 | H90: 1197.2519 | J90: 374.27046 | L90: 364.96539 | N90: 189.20302 | P90: 48.593126 | R90: 54 | T90: 146.57588 | W90: =SUM(D90:U90) -> 8693 | Y90: 2009 | Z90: Dec
... B107: 2011 | C107: May | D107: 3676 | F107: 655 | H107: 973 | J107: 336 | L107: 405 | N107: 192 | P107: 41 | R107: 52 | T107: 114 | W107: =SUM(D107:U107) -> 6444 | Y107: 2011 | Z107: Mai
B108: 2011 | C108: June | D108: 4977 | F108: 1162 | H108: 1045 | J108: 223 | L108: 467 | N108: 248 | P108: 43 | R108: 31 | T108: 122 | W108: =SUM(D108:T108) -> 8318 | Y108: 2011 | Z108: Juin
B109: 2011 | C109: Jul | D109: 6222 | F109: 2000 | H109: 1151 | J109: 320 | L109: 540 | N109: 214 | P109: 75 | R109: 51 | T109: 156 | W109: =SUM(D109:T109) -> 10729 | Y109: 2011 | Z109: Juil
B110: 2011 | C110: Aug | D110: 5090 | F110: 1835 | H110: 1088 | J110: 313 | L110: 760 | N110: 198 | P110: 91 | R110: 74 | T110: 173 | W110: =SUM(D110:T110) -> 9622 | Y110: 2011 | Z110: Aoû
B111: 2011 | C111: Sep | D111: 6549 | F111: 1022 | H111: 824 | J111: 206 | L111: 501 | N111: 206 | P111: 49 | R111: 47 | T111: 142 | W111: =SUM(D111:T111) -> 9546 | Y111: 2011 | Z111: Sep
B112: 2011 | C112: Oct | D112: 5558 | F112: 994 | H112: 1078 | J112: 219 | L112: 432 | N112: 116 | P112: 46 | R112: 57 | T112: 137 | W112: =SUM(D112:T112) -> 8637 | Y112: 2011 | Z112: Oct
B113: 2011 | C113: Nov | D113: 4736 | F113: 913 | H113: 922 | J113: 282 | L113: 424 | N113: 119 | P113: 55 | R113: 53 | T113: 151 | W113: =SUM(D113:T113) -> 7655 | Y113: 2011 | Z113: Nov
B114: 2011 | C114: Dec | D114: 5785 | F114: 759 | H114: 1460 | J114: 333 | L114: 340 | N114: 109 | P114: 52 | R114: 33 | T114: 119 | W114: =SUM(D114:T114) -> 8990 | Y114: 2011 | Z114: Dec
B115: 2012 | C115: Jan | D115: 5653 | F115: 757 | H115: 1458 | J115: 247 | L115: 341 | N115: 105 | P115: 49 | R115: 45 | T115: 100 | W115: =SUM(D115:T115) -> 8755 | Y115: 2012 | Z115: Jan
B116: 2012 | C116: Feb | D116: 2387 | F116: 354 | H116: 814 | J116: 403 | L116: 367 | N116: 130 | P116: 59 | R116: 41 | T116: 145 | W116: =SUM(D116:T116) -> 4700 | Y116: 2012 | Z116: Fév
B117: 2012 | C117: Mar | D117: 3970 | F117: 641 | H117: 707 | J117: 277 | L117: 332 | N117: 131 | P117: 52 | R117: 42 | T117: 191 | W117: =SUM(D117:T117) -> 6343 | Y117: 2012 | Z117: Mar
B118: 2012 | C118: Apr | D118: 5021 | F118: 838 | H118: 991 | J118: 270 | L118: 335 | N118: 133 | P118: 58 | R118: 40 | T118: 174 | W118: =SUM(D118:T118) -> 7860 | Y118: 2012 | Z118: Avr
B119: 2012 | C119: May | D119: 4091 | F119: 821 | H119: 1198 | J119: 454 | L119: 410 | N119: 219 | P119: 59 | R119: 54 | T119: 168 | W119: =SUM(D119:T119) -> 7474 | Y119: 2012 | Z119: Mai
... B154: 2015 | C154: Apr | D154: 2116 | F154: 549 | H154: 614 | J154: 428 | L154: 327 | N154: 166 | P154: 63 | R154: 122 | T154: 193 | W154: =SUM(D154:T154) -> 4578 | Y154: 2015 | Z154: Avr
B155: 2015 | C155: May | D155: 2655 | F155: 870 | H155: 639 | J155: 435 | L155: 589 | N155: 213 | P155: 26 | R155: 158 | T155: =360-R155 -> 202 | W155: =SUM(D155:T155) -> 5787 | Y155: 2015 | Z155: Mai
B156: 2015 | C156: Jun | D156: 4428 | F156: 1243 | H156: 816 | J156: 583 | L156: 537 | N156: 296 | P156: 33 | R156: 149 | T156: =353-R156 -> 204 | W156: =SUM(D156:T156) -> 8289 | Y156: 2015 | Z156: Juin
B157: 2015 | C157: Jul | D157: 4842 | F157: 2454 | H157: 845 | J157: 418 | L157: 694 | N157: 336 | P157: 75 | R157: 185 | T157: =367-R157 -> 182 | W157: =SUM(D157:T157) -> 10031 | Y157: 2015 | Z157: Juil
B158: 2015 | C158: Aug | D158: 4000 | F158: 1758 | H158: 946 | J158: 483 | L158: 468 | N158: 263 | P158: 52 | R158: 239 | T158: =420-R158 -> 181 | W158: =SUM(D158:T158) -> 8390 | Y158: 2015 | Z158: Aoû
B159: 2015 | C159: Sep | D159: 5170 | F159: 1656 | H159: 677 | J159: 419 | L159: 496 | N159: 235 | P159: 62 | R159: 206 | T159: =450-R159+6 -> 250 | W159: =SUM(D159:T159) -> 9171 | Y159: 2015 | Z159: Sep
B160: 2015 | C160: Oct | D160: 4325 | F160: 1429 | H160: 1065 | J160: 514 | L160: 521 | N160: 303 | P160: 44 | R160: 142 | T160: 190 | W160: =SUM(D160:T160) -> 8533 | Y160: 2015 | Z160: Oct
B161: 2015 | C161: Nov | D161: 3865 | F161: 1002 | H161: 825 | J161: 470 | L161: 403 | N161: 274 | P161: 43 | R161: 219 | T161: 174 | W161: =D161+F161+H161+J161+L161+N161+P161+R161+T161 -> 7275 | Y161: 2015 | Z161: Nov
B162: 2015 | C162: Dec | D162: 5219 | F162: 887 | H162: 1122 | J162: 598 | L162: 597 | N162: 277 | P162: 49 | R162: 234 | T162: 165 | W162: =D162+F162+H162+J162+L162+N162+P162+R162+T162 -> 9148 | Y162: 2015 | Z162: Dec
B163: 2016 | C163: Jan | D163: 4495 | F163: 724 | H163: 1060 | J163: 486 | L163: 979 | N163: 276 | P163: 75 | R163: 174 | T163: 210 | W163: =D163+F163+H163+J163+L163+N163+P163+R163+T163 -> 8479 | Y163: 2016 | Z163: Jan
B164: 2016 | C164: Feb | D164: 1714 | F164: 310 | H164: 200 | J164: 396 | L164: 1027 | N164: 180 | P164: 67 | R164: 226 | T164: 154 | W164: =D164+F164+H164+J164+L164+N164+P164+R164+T164 -> 4274 | Y164: 2016 | Z164: Fév
B165: 2016 | C165: Mar | D165: 2060 | F165: 325 | H165: 313 | J165: 267 | L165: 664 | N165: 168 | P165: 44 | R165: 175 | T165: 139 | W165: =SUM(D165:T165) -> 4155 | Y165: 2016 | Z165: Mar
B166: 2016 | C166: Apr | D166: 2749 | F166: 636 | H166: 478 | J166: 344 | L166: 1160 | N166: 178 | P166: 53 | R166: 262 | T166: 223 | W166: =SUM(D166:T166) -> 6083 | Y166: 2016 | Z166: Avr
B167: 2016 | C167: May | D167: 2644 | F167: 552 | H167: 632 | J167: 508 | L167: 823 | N167: 190 | P167: 51 | R167: 181 | T167: 161 | W167: =SUM(D167:T167) -> 5742 | Y167: 2016 | Z167: Mai
B168: 2016 | C168: Jun | D168: 5170 | F168: 1197 | H168: 1143 | J168: 402 | L168: 495 | N168: 306 | P168: 70 | R168: 217 | T168: 158 | W168: =SUM(D168:T168) -> 9158 | Y168: 2016 | Z168: Juin
B169: 2016 | C169: Jul | D169: 5803 | F169: 1600 | H169: 1150 | J169: 708 | L169: 682 | N169: 302 | P169: 88 | R169: 266 | T169: 265 | W169: =SUM(D169:T169) -> 10864 | Y169: 2016 | Z169: Juil
B170: 2016 | C170: Aug | D170: 4842 | F170: 1592 | H170: 814 | J170: 467 | L170: 1136 | N170: 317 | P170: 126 | R170: 259 | T170: 266 | W170: =SUM(D170:T170) -> 9819 | Y170: 2016 | Z170: Aoû
B171: 2016 | C171: Sep | D171: 5909 | F171: 1201 | H171: 753 | J171: 444 | L171: 654 | N171: 216 | P171: 106 | R171: 184 | T171: 205 | W171: =SUM(D171:T171) -> 9672 | Y171: 2016 | Z171: Sep
B172: 2016 | C172: Oct | D172: 5193 | F172: 1047 | H172: 820 | J172: 565 | L172: 1079 | N172: 359 | P172: 53 | R172: 240 | T172: 255 | W172: =SUM(D172:T172) -> 9611 | Y172: 2016 | Z172: Oct
B173: 2016 | C173: Nov | D173: 3936 | F173: 782 | H173: 804 | J173: 473 | L173: 750 | N173: 192 | P173: 92 | R173: 323 | T173: 159 | W173: =SUM(D173:T173) -> 7511 | Y173: 2016 | Z173: Nov
B174: 2016 | C174: Dec | D174: 5237 | F174: 965 | H174: 1514 | J174: 645 | L174: 618 | N174: 209 | P174: 78 | R174: 229 | T174: 254 | W174: =SUM(D174:T174) -> 9749 | Y174: 2016 | Z174: Dec
B175: 2017 | C175: Jan | D175: 4738 | F175: 549 | H175: 1742 | J175: 439 | L175: 602 | N175: 180 | P175: 75 | R175: 339 | T175: 293 | W175: =SUM(D175:T175) -> 8957 | Y175: 2017 | Z175: Jan
...

Sheet T4.Resident Arr by nationality
B1: Table 4 : Overseas Arrivals of Residents by Nationality
B2: Tableau 4 : Arrivées des résidents par nationalité
L5: New | P5: Pacific | R5: North | T5: Other | U5: Not
D6: Ni-Vanuatu | F6: Australian | H6: French | J6: British | L6: Zealander | N6: Asian | P6: Islanders | R6: Americans | T6: countries | U6: Stated | X6: TOTAL
B8: Year | C8: Month | F8: Australien | H8: Français | J8: Anglais | L8: Néo- | N8: Asiatiques | P8: Autres pays | R8: Américain | T8: Autres | U8: Non | Z8: Année | AA8: Mois
L9: Zélandais | P9: du Pacifique | R9: du Nord | T9: pays | U9: spécifié
B10: 2005 | D10: =SUM(D32:D43) -> 7588 | F10: =SUM(F32:F43) -> 2575 | H10: =SUM(H32:H43) -> 1374 | J10: =SUM(J32:J43) -> 215 | L10: =SUM(L32:L43) -> 755 | N10: =SUM(N32:N43) -> 322 | P10: =SUM(P32:P43) -> 486 | R10: =SUM(R32:R43) -> 304 | T10: =SUM(T32:T43) -> 192 | U10: =SUM(U32:U43) -> 4 | V10: =SUM(V32:V43) -> 0 | X10: =SUM(X32:X43) -> 13815
B11: 2006 | D11: =SUM(D44:D55) -> 7380 | F11: =SUM(F44:F55) -> 3280 | H11: =SUM(H44:H55) -> 1372 | J11: =SUM(J44:J55) -> 231 | L11: =SUM(L44:L55) -> 1017 | N11: =SUM(N44:N55) -> 373 | P11: =SUM(P44:P55) -> 675 | R11: =SUM(R44:R55) -> 400 | T11: =SUM(T44:T55) -> 198 | U11: =SUM(U44:U55) -> 0 | V11: =SUM(V44:V55) -> 0 | X11: =SUM(X44:X55) -> 14926
B12: 2007 | D12: =SUM(D56:D67) -> 7227.3649 | F12: =SUM(F56:F67) -> 2885.5316 | H12: =SUM(H56:H67) -> 1271.0524 | J12: =SUM(J56:J67) -> 99.952396 | L12: =SUM(L56:L67) -> 963.03103 | N12: =SUM(N56:N67) -> 288.1246 | P12: =SUM(P56:P67) -> 400.28339 | R12: =SUM(R56:R67) -> 430.67531 | T12: =SUM(T56:T67) -> 152.98438 | U12: =SUM(U56:U67) -> 0 | V12: =SUM(V56:V67) -> 0 | X12: =SUM(X56:X67) -> 13719
B13: 2008
B14: 2009 | D14: =SUM(D80:D91) -> 11527.098 | F14: =SUM(F80:F91) -> 3378.1336 | H14: =SUM(H80:H91) -> 1736.0463 | J14: =SUM(J80:J91) -> 135.66575 | L14: =SUM(L80:L91) -> 1246.243 | N14: =SUM(N80:N91) -> 405.7292 | P14: =SUM(P80:P91) -> 566.53326 | R14: =SUM(R80:R91) -> 412.24178 | T14: =SUM(T80:T91) -> 274.93684 | U14: =SUM(U80:U91) -> 0 | V14: =SUM(V80:V91) -> 0 | X14: =SUM(X80:X91) -> 19682.628 | Z14: 2009
B15: 2010 | D15: =SUM(D92:D103) -> 11794.391 | F15: =SUM(F92:F103) -> 3699.5536 | H15: =SUM(H92:H103) -> 1894.2069 | J15: =SUM(J92:J103) -> 132.11937 | L15: =SUM(L92:L103) -> 1436.2447 | N15: =SUM(N92:N103) -> 503.55873 | P15: =SUM(P92:P103) -> 767.73488 | R15: =SUM(R92:R103) -> 495.8249 | T15: =SUM(T92:T103) -> 329.51095 | U15: =SUM(U92:U103) -> 0 | V15: =SUM(V92:V103) -> 0 | X15: =SUM(X92:X103) -> 21053.145 | Z15: 2010
B16: 2011 | D16: =SUM(D104:D115) -> 12508 | F16: =SUM(F104:F115) -> 3867 | H16: =SUM(H104:H115) -> 1802 | J16: =SUM(J104:J115) -> 244 | L16: =SUM(L104:L115) -> 1370 | N16: =SUM(N104:N115) -> 719 | P16: =SUM(P104:P115) -> 1090 | R16: =SUM(R104:R115) -> 352 | T16: =SUM(T104:T115) -> 321 | U16: =SUM(U104:U115) -> 0 | V16: =SUM(V104:V115) -> 0 | X16: =SUM(X104:X115) -> 22273 | Z16: 2011
B17: 2012 | D17: =SUM(D116:D127) -> 14317 | F17: =SUM(F116:F127) -> 3629 | H17: =SUM(H116:H127) -> 1526 | J17: =SUM(J116:J127) -> 203 | L17: =SUM(L116:L127) -> 1236 | N17: =SUM(N116:N127) -> 696 | P17: =SUM(P116:P127) -> 686 | R17: =SUM(R116:R127) -> 370 | T17: =SUM(T116:T127) -> 295 | U17: =SUM(U116:U127) -> 0 | V17: =SUM(V116:V127) -> 0 | X17: =SUM(X116:X127) -> 22958 | Z17: 2012
B18: 2013 | D18: =SUM(D128:D139) -> 15410 | F18: =SUM(F128:F139) -> 4096 | H18: =SUM(H128:H139) -> 1782 | J18: =SUM(J128:J139) -> 167 | L18: =SUM(L128:L139) -> 1293 | N18: =SUM(N128:N139) -> 915 | P18: =SUM(P128:P139) -> 1007 | R18: =SUM(R128:R139) -> 566 | T18: =SUM(T128:T139) -> 375 | U18: =SUM(U128:U139) -> 0 | V18: =SUM(V128:V139) -> 0 | X18: =SUM(X128:X139) -> 25611 | Z18: 2013
B19: 2014 | D19: =SUM(D140:D151) -> 15044 | F19: =SUM(F140:F151) -> 4297 | H19: =SUM(H140:H151) -> 1934 | J19: =SUM(J140:J151) -> 104 | L19: =SUM(L140:L151) -> 1274 | N19: =SUM(N140:N151) -> 966 | P19: =SUM(P140:P151) -> 1161 | R19: =SUM(R140:R151) -> 690 | T19: =SUM(T140:T151) -> 414 | U19: =SUM(U140:U151) -> 0 | V19: =SUM(V140:V151) -> 0 | X19: =SUM(X140:X151) -> 25884 | Z19: 2014
B20: 2015 | D20: =SUM(D152:D163) -> 17406 | F20: =SUM(F152:F163) -> 3557 | H20: =SUM(H152:H163) -> 1672 | J20: =SUM(J152:J163) -> 95 | L20: =SUM(L152:L163) -> 1206 | N20: =SUM(N152:N163) -> 1008 | P20: =SUM(P152:P163) -> 1045 | R20: =SUM(R152:R163) -> 569 | T20: =SUM(T152:T163) -> 404 | U20: =SUM(U152:U163) -> 0 | V20: =SUM(V152:V163) -> 0 | X20: =SUM(X152:X163) -> 26962 | Z20: 2015
B21: 2016 | D21: =SUM(D164:D175) -> 18511 | F21: =SUM(F164:F175) -> 2516 | H21: =SUM(H164:H175) -> 1120 | J21: =SUM(J164:J175) -> 164 | L21: =SUM(L164:L175) -> 855 | N21: =SUM(N164:N175) -> 741 | P21: =SUM(P164:P175) -> 645 | R21: =SUM(R164:R175) -> 343 | T21: =SUM(T164:T175) -> 264 | U21: =SUM(U164:U175) -> 0 | V21: =SUM(V164:V175) -> 0 | X21: =SUM(X164:X175) -> 25160 | Z21: 2016
B22: 2017 | D22: =SUM(D176:D187) -> 21967 | F22: =SUM(F176:F187) -> 2463 | H22: =SUM(H176:H187) -> 1036 | J22: =SUM(J176:J187) -> 118 | L22: =SUM(L176:L187) -> 797 | N22: =SUM(N176:N187) -> 712 | P22: =SUM(P176:P187) -> 564 | R22: =SUM(R176:R187) -> 358 | T22: =SUM(T176:T187) -> 233 | U22: =SUM(U176:U187) -> 0 | V22: =SUM(V176:V187) -> 0 | X22: =SUM(X176:X187) -> 28248 | Z22: 2017
B23: 2018 | D23: =SUM(D188:D199) -> 23610 | F23: =SUM(F188:F199) -> 1919 | G23: =SUM(G188:G199) -> 0 | H23: =SUM(H188:H199) -> 750 | J23: =SUM(J188:J199) -> 97 | L23: =SUM(L188:L199) -> 591 | N23: =SUM(N188:N199) -> 875 | P23: =SUM(P188:P199) -> 593 | R23: =SUM(R188:R199) -> 273 | T23: =SUM(T188:T199) -> 228 | U23: =SUM(U188:U199) -> 0 | V23: =SUM(V188:V199) -> 0 | X23: =SUM(X188:X199) -> 28936 | Z23: 2018
B24: 2019 | D24: =SUM(D200:D211) -> 26317 | F24: =SUM(F200:F211) -> 2344 | G24: =SUM(G200:G211) -> 0 | H24: =SUM(H200:H211) -> 884 | J24: =SUM(J200:J211) -> 329 | L24: =SUM(L200:L211) -> 780 | N24: =SUM(N200:N211) -> 2809 | P24: =SUM(P200:P211) -> 665 | R24: =SUM(R200:R211) -> 409 | T24: =SUM(T200:T211) -> 364 | U24: =SUM(U200:U211) -> 0 | V24: =SUM(V200:V211) -> 0 | X24: =SUM(X200:X211) -> 34901 | Z24: 2019
B25: 2020 | D25: =SUM(D212:D223) -> 8374 | F25: =SUM(F212:F223) -> 719 | H25: =SUM(H212:H223) -> 285 | J25: =SUM(J212:J223) -> 42 | L25: =SUM(L212:L223) -> 243 | N25: =SUM(N212:N223) -> 283 | P25: =SUM(P212:P223) -> 273 | R25: =SUM(R212:R223) -> 87 | T25: =SUM(T212:T223) -> 103 | U25: =SUM(U212:U223) -> 0 | V25: =SUM(V212:V223) -> 0 | X25: =SUM(X212:X223) -> 10409 | Z25: 2020
B26: 2021 | D26: =SUM(D224:D235) -> 2659 | F26: =SUM(F224:F235) -> 343 | H26: =SUM(H224:H235) -> 63 | J26: =SUM(J224:J235) -> 10 | L26: =SUM(L224:L235) -> 79 | N26: =SUM(N224:N235) -> 210 | P26: =SUM(P224:P235) -> 67 | R26: =SUM(R224:R235) -> 17 | T26: =SUM(T224:T235) -> 47 | U26: =SUM(U224:U235) -> 0 | V26: =SUM(V224:V235) -> 0 | X26: =SUM(X224:X235) -> 3495 | Z26: 2021
B27: 2022 | D27: =SUM(D236:D247) -> 15012 | F27: =SUM(F236:F247) -> 1501 | H27: =SUM(H236:H247) -> 381 | J27: =SUM(J236:J247) -> 89 | L27: =SUM(L236:L247) -> 297 | N27: =SUM(N236:N247) -> 562 | P27: =SUM(P236:P247) -> 392 | R27: =SUM(R236:R247) -> 152 | T27: =SUM(T236:T247) -> 155 | U27: =SUM(U236:U247) -> 0 | V27: =SUM(V236:V247) -> 0 | X27: =SUM(X236:X247) -> 18541 | Z27: 2022
B28: 2023 | D28: =SUM(D248:D259) -> 26750 | F28: =SUM(F248:F259) -> 972 | H28: =SUM(H248:H259) -> 287 | J28: =SUM(J248:J259) -> 29 | L28: =SUM(L248:L259) -> 292 | N28: =SUM(N248:N259) -> 602 | P28: =SUM(P248:P259) -> 279 | R28: =SUM(R248:R259) -> 92 | T28: =SUM(T248:T259) -> 131 | U28: =SUM(U248:U259) -> 0 | V28: =SUM(V248:V259) -> 0 | X28: =SUM(X248:X259) -> 29434 | Z28: 2023
B29: 2024 | D29: =SUM(D260:D271) -> 24047 | F29: =SUM(F260:F271) -> 1785 | G29: =SUM(G260:G271) -> 0 | H29: =SUM(H260:H271) -> 598 | J29: =SUM(J260:J271) -> 79 | L29: =SUM(L260:L271) -> 496 | N29: =SUM(N260:N271) -> 1652 | P29: =SUM(P260:P271) -> 756 | R29: =SUM(R260:R271) -> 168 | T29: =SUM(T260:T271) -> 343 | U29: =SUM(U260:U271) -> 0 | V29: =SUM(V260:V271) -> 0 | X29: =SUM(X260:X271) -> 29924 | Z29: 2024
B30: 2025 | D30: =SUM(D272:D283) -> 32912 | F30: =SUM(F272:F283) -> 1118 | G30: =SUM(G272:G283) -> 0 | H30: =SUM(H272:H283) -> 362 | J30: =SUM(J272:J283) -> 80 | L30: =SUM(L272:L283) -> 311 | N30: =SUM(N272:N283) -> 1398 | P30: =SUM(P272:P283) -> 384 | R30: =SUM(R272:R283) -> 188 | T30: =SUM(T272:T283) -> 225 | U30: =SUM(U272:U283) -> 0 | V30: =SUM(V272:V283) -> 0 | X30: =SUM(X272:X283) -> 36978 | Z30: 2025
B32: 2005 | C32: Jan | D32: 741 | F32: 257 | H32: 244 | J32: 25 | L32: 96 | N32: 19 | P32: 51 | R32: 48 | T32: 24 | U32: - | X32: =SUM(D32:U32) -> 1505 | Z32: 2005 | AA32: Jan
B33: 2005 | C33: Feb | D33: 452 | F33: 179 | H33: 138 | J33: 11 | L33: 59 | N33: 12 | P33: 22 | R33: 14 | T33: 16 | U33: - | X33: =SUM(D33:U33) -> 903 | Z33: 2005 | AA33: Fév
B34: 2005 | C34: Mar | D34: 541 | F34: 235 | H34: 87 | J34: 20 | L34: 67 | N34: 33 | P34: 36 | R34: 22 | T34: 14 | U34: 3 | X34: =SUM(D34:U34) -> 1058 | Z34: 2005 | AA34: Mar
B35: 2005 | C35: Apr | D35: 566 | F35: 283 | H35: 100 | J35: 16 | L35: 83 | N35: 37 | P35: 60 | R35: 25 | T35: 16 | U35: - | X35: =SUM(D35:U35) -> 1186 | Z35: 2005 | AA35: Avr
B36: 2005 | C36: May | D36: 446 | F36: 149 | H36: 123 | J36: 17 | L36: 52 | N36: 26 | P36: 21 | R36: 12 | T36: 14 | U36: - | X36: =SUM(D36:U36) -> 860 | Z36: 2005 | AA36: Mai
B37: 2005 | C37: Jun | D37: 945 | F37: 63 | H37: 10 | J37: 5 | L37: 16 | N37: 16 | P37: 16 | R37: 38 | T37: 2 | U37: - | X37: =SUM(D37:U37) -> 1111 | Z37: 2005 | AA37: Juin
B38: 2005 | C38: July | D38: 563 | F38: 266 | H38: 137 | J38: 25 | L38: 79 | N38: 52 | P38: 144 | R38: 23 | T38: 18 | U38: - | X38: =SUM(D38:U38) -> 1307 | Z38: 2005 | AA38: Juil
B39: 2005 | C39: Aug | D39: 560 | F39: 302 | H39: 110 | J39: 18 | L39: 56 | N39: 45 | P39: 27 | R39: 21 | T39: 29 | U39: - | X39: =SUM(D39:U39) -> 1168 | Z39: 2005 | AA39: Aoû
B40: 2005 | C40: Sep | D40: 466 | F40: 222 | H40: 132 | J40: 19 | L40: 73 | N40: 32 | P40: 47 | R40: 19 | T40: 22 | U40: - | X40: =SUM(D40:U40) -> 1032 | Z40: 2005 | AA40: Sep
B41: 2005 | C41: Oct | D41: 530 | F41: 236 | H41: 81 | J41: 23 | L41: 68 | N41: 16 | P41: 22 | R41: 47 | T41: 14 | U41: - | X41: =SUM(D41:U41) -> 1037 | Z41: 2005 | AA41: Oct
B42: 2005 | C42: Nov | D42: 776 | F42: 200 | H42: 84 | J42: 19 | L42: 57 | N42: 14 | P42: 16 | R42: 15 | T42: 13 | U42: 1 | X42: =SUM(D42:U42) -> 1195 | Z42: 2005 | AA42: Nov
B43: 2005 | C43: Dec | D43: 1002 | F43: 183 | H43: 128 | J43: 17 | L43: 49 | N43: 20 | P43: 24 | R43: 20 | T43: 10 | U43: - | X43: =SUM(D43:U43) -> 1453 | Z43: 2005 | AA43: Déc
B44: 2006 | C44: Jan | D44: 673 | F44: 347 | H44: 146 | J44: 26 | L44: 118 | N44: 26 | P44: 75 | R44: 61 | T44: 24 | U44: - | X44: =SUM(D44:U44) -> 1496 | Z44: 2006 | AA44: Jan
B45: 2006 | C45: Feb | D45: 413 | F45: 249 | H45: 165 | J45: 24 | L45: 80 | N45: 23 | P45: 165 | R45: 30 | T45: 18 | U45: - | X45: =SUM(D45:U45) -> 1167 | Z45: 2006 | AA45: Fév
B46: 2006 | C46: Mar | D46: 424 | F46: 280 | H46: 74 | J46: 25 | L46: 87 | N46: 27 | P46: 29 | R46: 29 | T46: 12 | U46: - | X46: =SUM(D46:U46) -> 987 | Z46: 2006 | AA46: Mar
B47: 2006 | C47: Apr | D47: 663 | F47: 330 | H47: 128 | J47: 20 | L47: 86 | N47: 38 | P47: 42 | R47: 23 | T47: 21 | U47: - | X47: =SUM(D47:U47) -> 1351 | Z47: 2006 | AA47: Avr
B48: 2006 | C48: May | D48: 614 | F48: 302 | H48: 140 | J48: 18 | L48: 74 | N48: 29 | P48: 18 | R48: 19 | T48: 10 | U48: - | X48: =SUM(D48:U48) -> 1224 | Z48: 2006 | AA48: Mai
B49: 2006 | C49: June | D49: 594 | F49: 176 | H49: 86 | J49: 19 | L49: 88 | N49: 26 | P49: 26 | R49: 25 | T49: 15 | U49: - | X49: =SUM(D49:U49) -> 1055 | Z49: 2006 | AA49: Juin
B50: 2006 | C50: July | D50: 568 | F50: 307 | H50: 140 | J50: 20 | L50: 83 | N50: 41 | P50: 145 | R50: 31 | T50: 23 | U50: - | X50: =SUM(D50:U50) -> 1358 | Z50: 2006 | AA50: Juil
B51: 2006 | C51: Aug | D51: 461 | F51: 233 | H51: 77 | J51: 22 | L51: 73 | N51: 39 | P51: 26 | R51: 32 | T51: 24 | U51: - | X51: =SUM(D51:U51) -> 987 | Z51: 2006 | AA51: Aoû
B52: 2006 | C52: Sep | D52: 590 | F52: 264 | H52: 109 | J52: 16 | L52: 79 | N52: 38 | P52: 43 | R52: 56 | T52: 16 | U52: - | X52: =SUM(D52:U52) -> 1211 | Z52: 2006 | AA52: Sep
B53: 2006 | C53: Oct | D53: 608 | F53: 296 | H53: 90 | J53: 16 | L53: 78 | N53: 19 | P53: 46 | R53: 42 | T53: 17 | U53: - | X53: =SUM(D53:U53) -> 1212 | Z53: 2006 | AA53: Oct
B54: 2006 | C54: Nov | D54: 722 | F54: 256 | H54: 89 | J54: 19 | L54: 93 | N54: 33 | P54: 26 | R54: 23 | T54: 11 | U54: - | X54: =SUM(D54:U54) -> 1272 | Z54: 2006 | AA54: Nov
... B56: 2007 | C56: Jan | D56: 995.83009 | F56: 377.47696 | H56: 156.4131 | J56: 35.453637 | L56: 129.3015 | N56: 58.394225 | P56: 60.479733 | R56: 53.180455 | T56: 11.470294 | U56: - | X56: =SUM(D56:U56) -> 1878 | Z56: 2007 | AA56: Jan
B57: 2007 | C57: Feb | D57: 426.14311 | F57: 256.73807 | H57: 154.67417 | J57: 17.887489 | L57: 84.176418 | N57: 35.774977 | P57: 139.94329 | R57: 37.879388 | T57: 15.783078 | X57: =SUM(D57:U57) -> 1169 | Z57: 2007 | AA57: Fév
B58: 2007 | C58: Mar | D58: 483.48806 | F58: 227.76739 | H58: 79.718588 | J58: 7.2471443 | L58: 83.859813 | N58: 21.741433 | P58: 42.44756 | R58: 38.306334 | T58: 12.423676 | X58: =SUM(D58:U58) -> 997 | Z58: 2007 | AA58: Mar
B59: 2007 | C59: Apr | D59: 665.97778 | F59: 319.58354 | H59: 100.80823 | J59: 3.217284 | L59: 87.939095 | N59: 27.883128 | P59: 34.317695 | R59: 43.969547 | T59: 19.303704 | X59: =SUM(D59:U59) -> 1303 | Z59: 2007 | AA59: Avr
B60: 2007 | C60: May | D60: 598.125 | F60: 221.71875 | H60: 128.90625 | J60: 1.03125 | L60: 58.78125 | N60: 24.75 | P60: 22.6875 | R60: 25.78125 | T60: 7.21875 | X60: =SUM(D60:U60) -> 1089 | Z60: 2007 | AA60: Mai
B61: 2007 | C61: June | D61: 577.03362 | F61: 213.22959 | H61: 90.951009 | J61: 2.0211335 | L61: 79.834774 | N61: 22.232469 | P61: 18.190202 | R61: 29.306436 | T61: 19.200768 | X61: =SUM(D61:U61) -> 1052 | Z61: 2007 | AA61: Juin
B62: 2007 | C62: July | D62: 717.35941 | F62: 267.81418 | H62: 139.22086 | J62: 5.3137734 | L62: 80.769356 | N62: 27.631622 | P62: 17.004075 | R62: 37.196414 | T62: 11.690302 | X62: =SUM(D62:U62) -> 1304 | Z62: 2007 | AA62: Juil
B63: 2007 | C63: Aug | D63: 609.87716 | F63: 207.91267 | H63: 97.025912 | J63: 2.1324376 | L63: 90.628599 | N63: 24.523033 | P63: 15.993282 | R63: 50.112284 | T63: 12.794626 | X63: =SUM(D63:U63) -> 1111 | Z63: 2007 | AA63: Aoû
B64: 2007 | C64: Sep | D64: na | F64: na | H64: na | J64: na | L64: na | N64: na | P64: na | R64: na | T64: na | X64: na | Z64: 2007 | AA64: sep
B65: 2007 | C65: Oct | D65: 639.12361 | F65: 268.61717 | H65: 113.2103 | J65: 8.2334764 | L65: 84.393133 | N65: 17.496137 | P65: 14.408584 | R65: 39.109013 | T65: 14.408584 | X65: =SUM(D65:U65) -> 1199 | Z65: 2007 | AA65: Oct
B66: 2007 | C66: Nov | D66: 639.12361 | F66: 268.61717 | H66: 113.2103 | J66: 8.2334764 | L66: 84.393133 | N66: 17.496137 | P66: 14.408584 | R66: 39.109013 | T66: 14.408584 | X66: =SUM(D66:U66) -> 1199 | Z66: 2007 | AA66: Nov
B67: 2007 | C67: Dec | D67: 875.28345 | F67: 256.05612 | H67: 96.913669 | J67: 9.181295 | L67: 98.953957 | N67: 10.201439 | P67: 20.402878 | R67: 36.72518 | T67: 14.282014 | X67: =SUM(D67:U67) -> 1418 | Z67: 2007 | AA67: Dec
B68: 2008 | C68: Jan | D68: 715.65774 | F68: 322.40535 | H68: 206.3805 | J68: 11.294455 | L68: 145.80115 | N68: 47.231358 | P68: 75.98088 | R68: 67.76673 | T68: 18.481836 | X68: =SUM(D68:U68) -> 1611 | Z68: 2008 | AA68: Jan
B69: 2008 | C69: Feb | D69: 678.4781 | F69: 279.61522 | H69: 151.11558 | J69: 5.1399856 | L69: 109.99569 | N69: 31.867911 | P69: 115.13568 | R69: 34.951902 | T69: 25.699928 | X69: =SUM(D69:U69) -> 1432 | Z69: 2008 | AA69: Fév
B70: 2008 | C70: Mar | D70: 597.27164 | F70: 267.06427 | H70: 137.67266 | J70: 11.386461 | L70: 91.091688 | N70: 33.12425 | P70: 34.159383 | R70: 19.667524 | T70: 16.562125 | X70: =SUM(D70:U70) -> 1208 | Z70: 2008 | AA70: Mar
B71: 2008 | C71: Apr | D71: 622.99404 | F71: 300.61277 | H71: 97.44 | J71: 5.1829787 | L71: 96.403404 | N71: 27.988085 | P71: 17.622128 | R71: 30.061277 | T71: 19.695319 | X71: =SUM(D71:U71) -> 1218 | Z71: 2008 | AA71: Avr
B72: 2008 | C72: May | D72: 984.64245 | F72: 284.72836 | H72: 152.20025 | J72: 6.2122552 | L72: 91.113076 | N72: 28.990524 | P72: 33.132028 | R72: 35.20278 | T72: 22.778269 | X72: =SUM(D72:U72) -> 1639 | Z72: 2008 | AA72: Mai
B73: 2008 | C73: Jun | D73: 1015.816 | F73: 226.99225 | H73: 123.25371 | J73: 7.1897999 | L73: 94.494513 | N73: 33.894771 | P73: 31.840542 | R73: 41.084571 | T73: 16.433828 | X73: =SUM(D73:U73) -> 1591 | Z73: 2008 | AA73: Juin
B74: 2008 | C74: Jul | D74: 945.12103 | F74: 338.93289 | H74: 132.09167 | J74: 21.503295 | L74: 124.92391 | N74: 30.718993 | P74: 68.605752 | R74: 25.599161 | T74: 21.503295 | X74: =SUM(D74:U74) -> 1709 | Z74: 2008 | AA74: Juil
B75: 2008 | C75: Aug | D75: 1049.6005 | F75: 277.64982 | H75: 110.42891 | J75: 25.240893 | L75: 138.82491 | N75: 34.706228 | P75: 68.360752 | R75: 63.102233 | T75: 22.085781 | X75: =SUM(D75:U75) -> 1790 | Z75: 2008 | AA75: Aoû
B76: 2008 | C76: Sep | D76: 1258.5064 | F76: 274.52713 | H76: 177.87713 | J76: 11.310106 | L76: 93.565426 | N76: 24.676596 | P76: 42.155851 | R76: 32.902128 | T76: 17.479255 | X76: =SUM(D76:U76) -> 1933 | Z76: 2008 | AA76: Sep
... B80: 2009 | C80: Jan | D80: 923.29213 | F80: 392.62921 | H80: 205.51685 | J80: 16.359551 | L80: 144.16854 | N80: 43.966292 | P80: 94.067416 | R80: 65.438202 | T80: 25.561798 | X80: =SUM(D80:U80) -> 1911 | Z80: 2009 | AA80: Jan
B81: 2009 | C81: Feb | D81: 575.85714 | F81: 280.67857 | H81: 175.03571 | J81: 18.642857 | L81: 131.53571 | N81: 38.321429 | P81: 140.85714 | R81: 45.571429 | T81: 14.5 | X81: =SUM(D81:U81) -> 1421 | AA81: Fév
B82: 2009 | C82: Mar | D82: 588.86482 | F82: 315.5 | H82: 113.0456 | J82: 15.415309 | L82: 103.79642 | N82: 40.079805 | P82: 42.135179 | R82: 23.636808 | T82: 19.526059 | X82: =SUM(D82:U82) -> 1262 | AA82: Mar
B83: 2009 | C83: Apr | D83: 979.04057 | F83: 287.89305 | H83: 127.61217 | J83: 24.501537 | L83: 119.44499 | N83: 33.689613 | P83: 42.877689 | R83: 24.501537 | T83: 21.438844 | X83: =SUM(D83:U83) -> 1661 | AA83: Avr
B84: 2009 | C84: May | D84: 1060.555 | F84: 273.72518 | H84: 186.29965 | J84: 18.734043 | L84: 110.3227 | N84: 38.508865 | P84: 26.019504 | R84: 23.937943 | T84: 22.897163 | X84: =SUM(D84:U84) -> 1761 | AA84: Mai
B85: 2009 | C85: Jun | D85: 1320.6451 | F85: 238.52152 | H85: 99.125828 | J85: 15.488411 | L85: 84.669978 | N85: 25.814018 | P85: 32.009382 | R85: 24.781457 | T85: 29.94426 | X85: =SUM(D85:U85) -> 1871 | AA85: Juin
B86: 2009 | C86: Jul | D86: 847 | F86: 304 | H86: 140 | J86: 8 | L86: 98 | N86: 39 | P86: 38 | R86: 34 | T86: 23 | X86: =SUM(D86:U86) -> 1531 | AA86: Juil
B87: 2009 | C87: Aug | D87: 914 | F87: 248 | H87: 105 | J87: 10.325485 | L87: 98 | N87: 36 | P87: 30 | R87: 30 | T87: 20 | X87: =SUM(D87:U87) -> 1491.3255 | Z87: 2009 | AA87: Aoû
B88: 2009 | C88: Sep | D88: 1047 | F88: 240 | H88: 142 | J88: 1 | L88: 85 | N88: 32 | P88: 37 | R88: 41 | T88: 30 | X88: =SUM(D88:T88) -> 1655 | AA88: Sep
B89: 2009 | C89: Oct | D89: 787.86354 | F89: 323.19959 | H89: 167.27902 | J89: 4.1303462 | L89: 120.81263 | N89: 21.684318 | P89: 34.075356 | R89: 32.010183 | T89: 29.94501 | X89: =SUM(D89:U89) -> 1521 | AA89: Oct
B90: 2009 | C90: Nov | D90: 1036.1737 | F90: 233.70785 | H90: 137.53604 | J90: 2.0682111 | L90: 81.694337 | N90: 26.886744 | P90: 28.954955 | R90: 41.364221 | T90: 18.6139 | X90: =SUM(D90:U90) -> 1607 | AA90: Nov
B91: 2009 | C91: Dec | D91: 1446.806 | F91: 240.27864 | H91: 137.59546 | J91: 1 | L91: 68.79773 | N91: 29.778122 | P91: 20.536636 | R91: 26 | T91: 19.509804 | X91: =SUM(D91:U91) -> 1990.3024 | Z91: 2009 | AA91: Dec
B92: 2010 | C92: Jan | D92: 952.82759 | F92: 332.04598 | H92: 199.02135 | J92: 6.1871921 | L92: 192.83415 | N92: 41.247947 | P92: 57.747126 | R92: 64.965517 | T92: 37 | X92: =SUM(D92:U92) -> 1883.8768 | Z92: 2010 | AA92: Jan
B93: 2010 | C93: Feb | D93: 656 | F93: 313 | H93: 198 | J93: 3 | L93: 87 | N93: 16 | P93: 57 | R93: 53 | T93: 20 | X93: =SUM(D93:U93) -> 1403 | AA93: Fév
B94: 2010 | C94: Mar | D94: 623.24561 | F94: 225.1462 | H94: 136.11111 | J94: 6.1403509 | L94: 112.5731 | N94: 36.842105 | P94: 33.77193 | R94: 34.795322 | T94: 16.374269 | X94: =SUM(D94:U94) -> 1225 | Z94: 2010 | AA94: Mar
B95: 2010 | C95: Apr | D95: 842.93737 | F95: 289.21294 | H95: 112.1858 | J95: 4.1169102 | L95: 108.06889 | N95: 34.993737 | P95: 30.876827 | R95: 43.227557 | T95: 13.379958 | X95: =SUM(D95:U95) -> 1479 | Z95: 2010 | AA95: Avr
B96: 2010 | C96: May | D96: 1381.9892 | F96: 296.72122 | H96: 178.84566 | J96: 6.0970113 | L96: 109.7462 | N96: 44.711416 | P96: 19.307202 | R96: 16.258697 | T96: 20.323371 | X96: =SUM(D96:U96) -> 2074 | Z96: 2010 | AA96: Mai
B97: 2010 | C97: June | D97: 1206.3915 | F97: 268.42722 | H97: 101.04294 | J97: 15.309537 | L97: 100.02231 | N97: 37.763525 | P97: 51.03179 | R97: 28.577803 | T97: 21.433352 | X97: =SUM(D97:U97) -> 1830 | Z97: 2010 | AA97: Juin
B98: 2010 | C98: Jul | D98: 846 | F98: 347 | H98: 186 | J98: 20 | L98: 127 | N98: 63 | P98: 167 | R98: 28 | T98: 31 | X98: =SUM(D98:U98) -> 1815 | Z98: 2010 | AA98: Juil
B99: 2010 | C99: Aug | D99: 777 | F99: 282 | H99: 171 | J99: 12.268371 | L99: 107 | N99: 63 | P99: 113 | R99: 43 | T99: 32 | X99: =SUM(D99:U99) -> 1600.2684 | Z99: 2010 | AA99: Aoû
B100: 2010 | C100: Sep | D100: 1274 | F100: 300 | H100: 140 | J100: 14 | L100: 135 | N100: 44 | P100: 39 | R100: 81 | T100: 45 | X100: =SUM(D100:U100) -> 2072 | Z100: 2010 | AA100: Sep
B101: 2010 | C101: Oct | D101: 893 | F101: 412 | H101: 191 | J101: 15 | L101: 153 | N101: 39 | P101: 43 | R101: 47 | T101: 37 | X101: =SUM(D101:U101) -> 1830 | Z101: 2010 | AA101: Oct
B102: 2010 | C102: Nov | D102: 1152 | F102: 350 | H102: 127 | J102: 10 | L102: 106 | N102: 25 | P102: 42 | R102: 32 | T102: 29 | X102: =SUM(D102:U102) -> 1873 | Z102: 2010 | AA102: Nov
B103: 2010 | C103: Dec | D103: 1189 | F103: 284 | H103: 154 | J103: 20 | L103: 98 | N103: 58 | P103: 114 | R103: 24 | T103: 27 | X103: =SUM(D103:U103) -> 1968 | Z103: 2010 | AA103: Dec
B104: 2011 | C104: Jan | D104: 772 | F104: 406 | H104: 250 | J104: 27 | L104: 143 | N104: 54 | P104: 113 | R104: 27 | T104: 39 | X104: =SUM(D104:U104) -> 1831 | Z104: 2011 | AA104: Jan
B105: 2011 | C105: Feb | D105: 538 | F105: 271 | H105: 104 | J105: 20 | L105: 102 | N105: 60 | P105: 203 | R105: 26 | T105: 22 | X105: =SUM(D105:U105) -> 1346 | Z105: 2011 | AA105: Fév
... B123: 2012 | C123: Aug | D123: 814 | F123: 282 | H123: 105 | J123: 18 | L123: 90 | N123: 51 | P123: 47 | R123: 41 | T123: 31 | X123: =SUM(D123:U123) -> 1479 | Z123: 2012 | AA123: Aoû
B124: 2012 | C124: Sep | D124: 1650 | F124: 283 | H124: 98 | J124: 11 | L124: 109 | N124: 57 | P124: 44 | R124: 30 | T124: 30 | X124: =SUM(D124:T124) -> 2312 | Z124: 2012 | AA124: Sep
B125: 2012 | C125: Oct | D125: 948 | F125: 378 | H125: 137 | J125: 15 | L125: 86 | N125: 62 | P125: 61 | R125: 24 | T125: 35 | X125: =SUM(D125:T125) -> 1746 | Z125: 2012 | AA125: Oct
...

Sheet Visitors LOS2wrkingOut
C2: Table 5 : Visitors Arrival Intended Length of Stay
C3: Tableau 5 : Arrivée des Visiteurs à longue durée de Séjour
C5: Year | D5: Month | E5: AVERAGE INTENDED LENGTH OF STAY (LOS) | H5: RATING | J5: Année | K5: Mois
E6: Port Vila | F6: Luganville | G6: Total Average Days | H6: LOS | I6: Main purpose of stay
C7: 2009 | D7: Jan | E7: 0 | F7: 0 | G7: =(E7+F7)/2 -> 0 | J7: 2009 | K7: Jan
D8: Feb | E8: 0 | F8: 0 | G8: =(E8+F8)/2 -> 0 | K8: Fév
D9: Mar | E9: 0 | F9: 0 | G9: =(E9+F9)/2 -> 0 | K9: Mar
D10: Apr | E10: 0 | F10: 0 | G10: =(E10+F10)/2 -> 0 | K10: Avr
D11: May | E11: 0 | F11: 0 | G11: =(E11+F11)/2 -> 0 | K11: Mai
D12: Jun | E12: =#REF! -> #REF! | F12: 0 | G12: =(E12+F12)/2 -> #REF! | H12: =REPT("|",G12) -> #REF! | I12: =IF(G12<4,"Transit",IF(G12<7,"Holiday",IF(G12<10.5,"Holiday/Business",IF(G12<15,"Visiting friends and families")))) -> #REF! | J12: 2009 | K12: Juin
D13: Jul | E13: =#REF! -> #REF! | F13: =#REF! -> #REF! | G13: =(E13+F13)/2 -> #REF! | H13: =REPT("|",G13) -> #REF! | I13: =IF(G13<4,"Transit",IF(G13<7,"Holiday",IF(G13<10.5,"Holiday/Business",IF(G13<15,"Visiting friends and families")))) -> #REF! | K13: Juil
D14: Aug | E14: =#REF! -> #REF! | F14: =#REF! -> #REF! | G14: =(E14+F14)/2 -> #REF! | H14: =REPT("|",G14) -> #REF! | I14: =IF(G14<4,"Transit",IF(G14<7,"Holiday",IF(G14<10.5,"Holiday/Business",IF(G14<15,"Visiting friends and families")))) -> #REF! | K14: Aoû
D15: Sep | E15: =#REF! -> #REF! | F15: =#REF! -> #REF! | G15: =(E15+F15)/2 -> #REF! | H15: =REPT("|",G15) -> #REF! | I15: =IF(G15<4,"Transit",IF(G15<7,"Holiday",IF(G15<10.5,"Holiday/Business",IF(G15<15,"Visiting friends and families")))) -> #REF! | K15: Sep
C16: 2009 | D16: Oct | E16: =#REF! -> #REF! | F16: =#REF! -> #REF! | G16: =(E16+F16)/2 -> #REF! | H16: =REPT("|",G16) -> #REF! | I16: =IF(G16<4,"Transit",IF(G16<5,"Holiday",IF(G16<8.7,"Business/Holiday",IF(G16<10,"Business",IF(G16<14,"Visiting friends/families"))))) -> #REF! | J16: 2009 | K16: Oct
C18: 2009 | D18: Nov | E18: =#REF! -> #REF! | F18: =#REF! -> #REF! | G18: =(E18+F18)/2 -> #REF! | H18: =REPT("|",G18) -> #REF! | I18: =IF(G18<4,"Transit",IF(G18<5.1,"Holiday",IF(G18<9.1,"Business/Holiday",IF(G18<10.6,"Business",IF(G18>10.6,"Visiting friends/families"))))) -> #REF! | J18: 2009 | K18: Nov
D19: Dec | E19: =#REF! -> #REF! | F19: =#REF! -> #REF! | G19: =(E19+F19)/2 -> #REF! | H19: =REPT("|",G19) -> #REF! | I19: =IF(G19<4,"Transit",IF(G19<5.1,"Holiday",IF(G19<9.1,"Business/Holiday",IF(G19<10.6,"Business",IF(G19>10.6,"Visiting friends/families"))))) -> #REF! | K19: Dec
C20: 2010 | D20: Jan | E20: =#REF! -> #REF! | F20: =#REF! -> #REF! | G20: =(E20+F20)/2 -> #REF! | H20: =REPT("|",G20) -> #REF! | I20: =IF(G20<4,"Transit",IF(G20<5.1,"Holiday",IF(G20<9.1,"Business/Holiday",IF(G20<10.6,"Business",IF(G20>10.6,"Visiting friends/families"))))) -> #REF! | J20: 2010 | K20: Jan
D21: Feb | E21: =#REF! -> #REF! | F21: =#REF! -> #REF! | G21: =(E21+F21)/2 -> #REF! | H21: =REPT("|",G21) -> #REF! | I21: =IF(G21<4,"Transit",IF(G21<5.1,"Holiday",IF(G21<9.1,"Business/Holiday",IF(G21<10.6,"Business",IF(G21>10.6,"Visiting friends/families"))))) -> #REF! | K21: Fév
D22: Mar | E22: =#REF! -> #REF! | F22: =#REF! -> #REF! | G22: =(E22+F22)/2 -> #REF! | H22: =REPT("|",G22) -> #REF! | I22: =IF(G22<4,"Transit",IF(G22<5.1,"Holiday",IF(G22<9.1,"Business/Holiday",IF(G22<10.6,"Business",IF(G22>10.6,"Visiting friends/families"))))) -> #REF! | K22: Mar
D23: Apr | E23: =#REF! -> #REF! | F23: =#REF! -> #REF! | G23: =(E23+F23)/2 -> #REF! | H23: =REPT("|",G23) -> #REF! | I23: =IF(G23<4,"Transit",IF(G23<5.1,"Holiday",IF(G23<9.1,"Business/Holiday",IF(G23<10.6,"Business",IF(G23>10.6,"Visiting friends/families"))))) -> #REF! | K23: Avr
D24: May | E24: =#REF! -> #REF! | F24: =#REF! -> #REF! | G24: =(E24+F24)/2 -> #REF! | H24: =REPT("|",G24) -> #REF! | I24: =IF(G24<4,"Transit",IF(G24<5.1,"Holiday",IF(G24<9.1,"Business/Holiday",IF(G24<10.6,"Business",IF(G24>10.6,"Visiting friends/families"))))) -> #REF! | K24: Mai
D25: Jun | E25: =#REF! -> #REF! | F25: =#REF! -> #REF! | G25: =(E25+F25)/2 -> #REF! | H25: =REPT("|",G25) -> #REF! | I25: =IF(G25<4,"Transit",IF(G25<5.1,"Holiday",IF(G25<9.1,"Business/Holiday",IF(G25<10.6,"Business",IF(G25>10.6,"Visiting friends/families"))))) -> #REF! | J25: 2010 | K25: Juin
D26: Jul | E26: =#REF! -> #REF! | F26: =#REF! -> #REF! | G26: =(E26+F26)/2 -> #REF! | H26: =REPT("|",G26) -> #REF! | I26: =IF(G26<4,"Transit",IF(G26<5.1,"Holiday",IF(G26<9.1,"Business/Holiday",IF(G26<10.6,"Business",IF(G26>10.6,"Visiting friends/families"))))) -> #REF! | K26: Juil
D27: Aug | E27: =#REF! -> #REF! | F27: =#REF! -> #REF! | G27: =(E27+F27)/2 -> #REF! | H27: =REPT("|",G27) -> #REF! | I27: =IF(G27<4,"Transit",IF(G27<5.1,"Holiday",IF(G27<9.1,"Business/Holiday",IF(G27<10.6,"Business",IF(G27>10.6,"Visiting friends/families"))))) -> #REF! | K27: Aoû
D28: Sep | E28: =#REF! -> #REF! | F28: =#REF! -> #REF! | G28: =(E28+F28)/2 -> #REF! | H28: =REPT("|",G28) -> #REF! | I28: =IF(G28<4,"Transit",IF(G28<5.1,"Holiday",IF(G28<9.1,"Business/Holiday",IF(G28<10.6,"Business",IF(G28>10.6,"Visiting friends/families"))))) -> #REF! | K28: Sep
C29: 2010 | D29: Oct | E29: =#REF! -> #REF! | F29: =#REF! -> #REF! | G29: =(E29+F29)/2 -> #REF! | H29: =REPT("|",G29) -> #REF! | I29: =IF(G29<4,"Transit",IF(G29<5.1,"Holiday",IF(G29<9.1,"Business/Holiday",IF(G29<10.6,"Business",IF(G29>10.6,"Visiting friends/families"))))) -> #REF! | J29: 2010 | K29: Oct
C30: 2010 | D30: Nov | E30: =#REF! -> #REF! | F30: =#REF! -> #REF! | G30: =(E30+F30)/2 -> #REF! | H30: =REPT("|",G30) -> #REF! | I30: =IF(G30<4,"Transit",IF(G30<5.1,"Holiday",IF(G30<9.1,"Business/Holiday",IF(G30<10.6,"Business",IF(G30>10.6,"Visiting friends/families"))))) -> #REF! | J30: 2010 | K30: Nov
D31: Dec | E31: =#REF! -> #REF! | F31: =#REF! -> #REF! | G31: =(E31+F31)/2 -> #REF! | H31: =REPT("|",G31) -> #REF! | I31: =IF(G31<4,"Transit",IF(G31<5.1,"Holiday",IF(G31<9.1,"Business/Holiday",IF(G31<10.6,"Business",IF(G31>10.6,"Visiting friends/families"))))) -> #REF! | K31: Dec
C32: 2011 | D32: Jan | E32: 8.6380049 | F32: 9.3602941 | G32: =(E32+F32)/2 -> 8.9991495 | H32: =REPT("|",G32) -> |||||||| | I32: =IF(G32<4,"Transit",IF(G32<5.1,"Holiday",IF(G32<9.1,"Business/Holiday",IF(G32<10.6,"Business",IF(G32>10.6,"Visiting friends/families"))))) -> Business/Holiday | J32: 2011 | K32: Jan
D33: Feb | E33: 8.3964082 | F33: 11.448276 | G33: =(E33+F33)/2 -> 9.922342 | H33: =REPT("|",G33) -> ||||||||| | I33: =IF(G33<4,"Transit",IF(G33<5.1,"Holiday",IF(G33<9.1,"Business/Holiday",IF(G33<10.6,"Business",IF(G33>10.6,"Visiting friends/families"))))) -> Business | K33: Fév
D34: Mar | E34: 8.7973648 | F34: 8.344086 | G34: =(E34+F34)/2 -> 8.5707254 | H34: =REPT("|",G34) -> |||||||| | I34: =IF(G34<4,"Transit",IF(G34<5.1,"Holiday",IF(G34<9.1,"Business/Holiday",IF(G34<10.6,"Business",IF(G34>10.6,"Visiting friends/families"))))) -> Business/Holiday | K34: Mar
D35: Apr | E35: 8.2138628 | F35: 13.838983 | G35: =(E35+F35)/2 -> 11.026423 | H35: =REPT("|",G35) -> ||||||||||| | I35: =IF(G35<4,"Transit",IF(G35<5.1,"Holiday",IF(G35<9.1,"Business/Holiday",IF(G35<10.6,"Business",IF(G35>10.6,"Visiting friends/families"))))) -> Visiting friends/families | K35: Apr
D36: May | E36: 9.1427656 | F36: 10.446701 | G36: =(E36+F36)/2 -> 9.794733 | H36: =REPT("|",G36) -> ||||||||| | I36: =IF(G36<4,"Transit",IF(G36<5.1,"Holiday",IF(G36<9.1,"Business/Holiday",IF(G36<10.6,"Business",IF(G36>10.6,"Visiting friends/families"))))) -> Business | K36: Mai
D37: Jun | E37: 8.589365 | F37: 12.584906 | G37: =(E37+F37)/2 -> 10.587135 | H37: =REPT("|",G37) -> |||||||||| | I37: =IF(G37<4,"Transit",IF(G37<5.1,"Holiday",IF(G37<9.1,"Business/Holiday",IF(G37<10.6,"Business",IF(G37>10.6,"Visiting friends/families"))))) -> Business | K37: Juin
D38: Jul | E38: 8.9597811 | F38: 10.425806 | G38: =(E38+F38)/2 -> 9.6927938 | H38: =REPT("|",G38) -> ||||||||| | I38: =IF(G38<4,"Transit",IF(G38<5.1,"Holiday",IF(G38<9.1,"Business/Holiday",IF(G38<10.6,"Business",IF(G38>10.6,"Visiting friends/families"))))) -> Business | K38: Juil
D39: Aug | E39: 8.9640039 | F39: 10.828338 | G39: =(E39+F39)/2 -> 9.8961709 | H39: =REPT("|",G39) -> ||||||||| | I39: =IF(G39<4,"Transit",IF(G39<5.1,"Holiday",IF(G39<9.1,"Business/Holiday",IF(G39<10.6,"Business",IF(G39>10.6,"Visiting friends/families"))))) -> Business | K39: Aoû
D40: Sep | E40: 8.7441052 | F40: 9.5801749 | G40: =(E40+F40)/2 -> 9.1621401 | H40: =REPT("|",G40) -> ||||||||| | I40: =IF(G40<4,"Transit",IF(G40<5.1,"Holiday",IF(G40<9.1,"Business/Holiday",IF(G40<10.6,"Business",IF(G40>10.6,"Visiting friends/families"))))) -> Business | K40: Sep
D41: Oct | E41: 8.0182058 | F41: 9.0390071 | G41: =(E41+F41)/2 -> 8.5286064 | H41: =REPT("|",G41) -> |||||||| | I41: =IF(G41<4,"Transit",IF(G41<5.1,"Holiday",IF(G41<9.1,"Business/Holiday",IF(G41<10.6,"Business",IF(G41>10.6,"Visiting friends/families"))))) -> Business/Holiday | K41: Oct
D42: Nov | E42: 8.1449946 | F42: 10.963576 | G42: =(E42+F42)/2 -> 9.5542854 | H42: =REPT("|",G42) -> ||||||||| | I42: =IF(G42<4,"Transit",IF(G42<5.1,"Holiday",IF(G42<9.1,"Business/Holiday",IF(G42<10.6,"Business",IF(G42>10.6,"Visiting friends/families"))))) -> Business | K42: Nov
D43: Dec | E43: 11.985294 | F43: 13.532319 | G43: =(E43+F43)/2 -> 12.758807 | H43: =REPT("|",G43) -> |||||||||||| | I43: =IF(G43<4,"Transit",IF(G43<5.1,"Holiday",IF(G43<9.1,"Business/Holiday",IF(G43<10.6,"Business",IF(G43>10.6,"Visiting friends/families"))))) -> Visiting friends/families | K43: Déc
C44: 2012 | D44: Jan | E44: 10.287259 | F44: 11.109756 | G44: =(E44+F44)/2 -> 10.698507 | H44: =REPT("|",G44) -> |||||||||| | I44: =IF(G44<4,"Transit",IF(G44<5.1,"Holiday",IF(G44<9.1,"Business/Holiday",IF(G44<10.6,"Business",IF(G44>10.6,"Visiting friends/families"))))) -> Visiting friends/families | J44: 2012 | K44: Jan
D45: Feb | E45: 9.2880631 | F45: 10.655172 | G45: =(E45+F45)/2 -> 9.9716177 | H45: =REPT("|",G45) -> ||||||||| | I45: =IF(G45<4,"Transit",IF(G45<5.1,"Holiday",IF(G45<9.1,"Business/Holiday",IF(G45<10.6,"Business",IF(G45>10.6,"Visiting friends/families"))))) -> Business | K45: Fév
D46: Mar | E46: 9.7463827 | F46: 11.17801 | G46: =(E46+F46)/2 -> 10.462197 | H46: =REPT("|",G46) -> |||||||||| | I46: =IF(G46<4,"Transit",IF(G46<5.1,"Holiday",IF(G46<9.1,"Business/Holiday",IF(G46<10.6,"Business",IF(G46>10.6,"Visiting friends/families"))))) -> Business | K46: Mar
D47: Apr | E47: 9.6733892 | F47: 10.793722 | G47: =(E47+F47)/2 -> 10.233556 | H47: =REPT("|",G47) -> |||||||||| | I47: =IF(G47<4,"Transit",IF(G47<5.1,"Holiday",IF(G47<9.1,"Business/Holiday",IF(G47<10.6,"Business",IF(G47>10.6,"Visiting friends/families"))))) -> Business | K47: Apr
D48: May | E48: 9.8192022 | F48: 12.575342 | G48: =(E48+F48)/2 -> 11.197272 | H48: =REPT("|",G48) -> ||||||||||| | I48: =IF(G48<4,"Transit",IF(G48<5.1,"Holiday",IF(G48<9.1,"Business/Holiday",IF(G48<10.6,"Business",IF(G48>10.6,"Visiting friends/families"))))) -> Visiting friends/families | K48: Mai
D49: Jun | E49: 9.5336465 | F49: 11.744048 | G49: =(E49+F49)/2 -> 10.638847 | H49: =REPT("|",G49) -> |||||||||| | I49: =IF(G49<4,"Transit",IF(G49<5.1,"Holiday",IF(G49<9.1,"Business/Holiday",IF(G49<10.6,"Business",IF(G49>10.6,"Visiting friends/families"))))) -> Visiting friends/families | K49: Juin
D50: Jul | E50: 11.368008 | F50: 11.535032 | G50: =(E50+F50)/2 -> 11.45152 | H50: =REPT("|",G50) -> ||||||||||| | I50: =IF(G50<4,"Transit",IF(G50<5.1,"Holiday",IF(G50<9.1,"Business/Holiday",IF(G50<10.6,"Business",IF(G50>10.6,"Visiting friends/families"))))) -> Visiting friends/families | K50: Juil
D51: Aug | E51: 10.44509 | F51: 10.501992 | G51: =(E51+F51)/2 -> 10.473541 | H51: =REPT("|",G51) -> |||||||||| | I51: =IF(G51<4,"Transit",IF(G51<5.1,"Holiday",IF(G51<9.1,"Business/Holiday",IF(G51<10.6,"Business",IF(G51>10.6,"Visiting friends/families"))))) -> Business | K51: Aoû
D52: Sep | E52: 9.5212455 | F52: 11.020339 | G52: =(E52+F52)/2 -> 10.270792 | H52: =REPT("|",G52) -> |||||||||| | I52: =IF(G52<4,"Transit",IF(G52<5.1,"Holiday",IF(G52<9.1,"Business/Holiday",IF(G52<10.6,"Business",IF(G52>10.6,"Visiting friends/families"))))) -> Business | K52: Sep
D53: Oct | E53: 10.44509 | F53: 10.501992 | G53: =(E53+F53)/2 -> 10.473541 | H53: =REPT("|",G53) -> |||||||||| | I53: =IF(G53<4,"Transit",IF(G53<5.1,"Holiday",IF(G53<9.1,"Business/Holiday",IF(G53<10.6,"Business",IF(G53>10.6,"Visiting friends/families"))))) -> Business | K53: Oct
D54: Nov | E54: 8.9084422 | F54: 9.0222222 | G54: =(E54+F54)/2 -> 8.9653322 | H54: =REPT("|",G54) -> |||||||| | I54: =IF(G54<4,"Transit",IF(G54<5.1,"Holiday",IF(G54<9.1,"Business/Holiday",IF(G54<10.6,"Business",IF(G54>10.6,"Visiting friends/families"))))) -> Business/Holiday | K54: Nov
C56: Source: | D56: Immigration Department/Service de I'Immigration
C58: Rating by main purpose of stay | F58: Day
C59: Transit | F59: <4
C60: Holiday | F60: 5
C61: Business; Holiday | F61: 6-9
C62: Business | F62: 9.1-10.5
C63: Visiting friends and families; holiday | F63: >10.6

Sheet LOS
B2: Table 5 : Visitors Arrival Intended Length of Stay
B3: Tableau 5 : Résumé des échanges migratoires avec l'extérieur
B5: Year | C5: Month | D5: AVERAGE INTENDED LENGTH OF STAY | H5: Année | I5: Mois
D6: Port Vila | E6: Luganville | F6: Total Average Days | G6: RATING
B8: 2009 | C8: Jan | D8: 0 | E8: 0 | F8: =(D8+E8)/2 -> 0 | H8: 2009 | I8: Jan
C9: Feb | D9: 0 | E9: 0 | F9: =(D9+E9)/2 -> 0 | I9: Fév
C10: Mar | D10: 0 | E10: 0 | F10: =(D10+E10)/2 -> 0 | I10: Mar
C11: Apr | D11: 0 | E11: 0 | F11: =(D11+E11)/2 -> 0 | I11: Avr
C12: May | D12: 0 | E12: 0 | F12: =(D12+E12)/2 -> 0 | I12: Mai
C13: Jun | D13: =#REF! -> #REF! | E13: 0 | F13: =(D13+E13)/2 -> #REF! | G13: =REPT("|",F13) -> #REF! | H13: 2009 | I13: Juin
C14: Jul | D14: =#REF! -> #REF! | E14: =#REF! -> #REF! | F14: =(D14+E14)/2 -> #REF! | G14: =REPT("|",F14) -> #REF! | I14: Juil
C15: Aug | D15: =#REF! -> #REF! | E15: =#REF! -> #REF! | F15: =(D15+E15)/2 -> #REF! | G15: =REPT("|",F15) -> #REF! | I15: Aoû
C16: Sep | D16: =#REF! -> #REF! | E16: =#REF! -> #REF! | F16: =(D16+E16)/2 -> #REF! | G16: =REPT("|",F16) -> #REF! | I16: Sep
B17: 2009 | C17: Oct | D17: =#REF! -> #REF! | E17: =#REF! -> #REF! | F17: =(D17+E17)/2 -> #REF! | G17: =REPT("|",F17) -> #REF! | H17: 2009 | I17: Oct
C18: Nov | D18: =#REF! -> #REF! | E18: =#REF! -> #REF! | F18: =(D18+E18)/2 -> #REF! | G18: =REPT("|",F18) -> #REF! | I18: Nov
C19: Dec | D19: =#REF! -> #REF! | E19: =#REF! -> #REF! | F19: =(D19+E19)/2 -> #REF! | G19: =REPT("|",F19) -> #REF! | I19: Dec
B20: 2010 | C20: Jan | D20: =#REF! -> #REF! | E20: =#REF! -> #REF! | F20: =(D20+E20)/2 -> #REF! | G20: =REPT("|",F20) -> #REF! | H20: 2010 | I20: Jan
C21: Feb | D21: =#REF! -> #REF! | E21: =#REF! -> #REF! | F21: =(D21+E21)/2 -> #REF! | G21: =REPT("|",F21) -> #REF! | I21: Fév
C22: Mar | D22: =#REF! -> #REF! | E22: =#REF! -> #REF! | F22: =(D22+E22)/2 -> #REF! | G22: =REPT("|",F22) -> #REF! | I22: Mar
C23: Apr | D23: =#REF! -> #REF! | E23: =#REF! -> #REF! | F23: =(D23+E23)/2 -> #REF! | G23: =REPT("|",F23) -> #REF! | I23: Avr
C24: May | D24: =#REF! -> #REF! | E24: =#REF! -> #REF! | F24: =(D24+E24)/2 -> #REF! | G24: =REPT("|",F24) -> #REF! | I24: Mai
C25: Jun | D25: =#REF! -> #REF! | E25: =#REF! -> #REF! | F25: =(D25+E25)/2 -> #REF! | G25: =REPT("|",F25) -> #REF! | H25: 2010 | I25: Juin
C26: Jul | D26: =#REF! -> #REF! | E26: =#REF! -> #REF! | F26: =(D26+E26)/2 -> #REF! | G26: =REPT("|",F26) -> #REF! | I26: Juil
C27: Aug | D27: =#REF! -> #REF! | E27: =#REF! -> #REF! | F27: =(D27+E27)/2 -> #REF! | G27: =REPT("|",F27) -> #REF! | I27: Aoû
C28: Sep | D28: =#REF! -> #REF! | E28: =#REF! -> #REF! | F28: =(D28+E28)/2 -> #REF! | G28: =REPT("|",F28) -> #REF! | I28: Sep
B29: 2010 | C29: Oct | D29: =#REF! -> #REF! | E29: =#REF! -> #REF! | F29: =(D29+E29)/2 -> #REF! | G29: =REPT("|",F29) -> #REF! | H29: 2010 | I29: Oct
C30: Nov | D30: =#REF! -> #REF! | E30: =#REF! -> #REF! | F30: =(D30+E30)/2 -> #REF! | G30: =REPT("|",F30) -> #REF! | I30: Nov
C31: Dec | D31: =#REF! -> #REF! | E31: =#REF! -> #REF! | F31: =(D31+E31)/2 -> #REF! | G31: =REPT("|",F31) -> #REF! | I31: Dec
B32: 2011 | C32: Jan | D32: 8.6380049 | E32: 9.3602941 | F32: =(D32+E32)/2 -> 8.9991495 | G32: =REPT("|",F32) -> |||||||| | H32: 2011 | I32: Jan
C33: Feb | D33: 8.3964082 | E33: 11.448276 | F33: =(D33+E33)/2 -> 9.922342 | G33: =REPT("|",F33) -> ||||||||| | I33: Fév
C34: Mar | D34: 8.7973648 | E34: 8.344086 | F34: =(D34+E34)/2 -> 8.5707254 | G34: =REPT("|",F34) -> |||||||| | I34: Mar
C35: Apr | D35: 8.2138628 | E35: 13.838983 | F35: =(D35+E35)/2 -> 11.026423 | G35: =REPT("|",F35) -> ||||||||||| | I35: Apr
C36: May | D36: 9.1427656 | E36: 10.446701 | F36: =(D36+E36)/2 -> 9.794733 | G36: =REPT("|",F36) -> ||||||||| | I36: Mai
C37: Jun | D37: 8.589365 | E37: 12.584906 | F37: =(D37+E37)/2 -> 10.587135 | G37: =REPT("|",F37) -> |||||||||| | I37: Juin
C38: Jul | D38: 8.9597811 | E38: 10.425806 | F38: =(D38+E38)/2 -> 9.6927938 | G38: =REPT("|",F38) -> ||||||||| | I38: Juil
C39: Aug | D39: 8.9640039 | E39: 10.828338 | F39: =(D39+E39)/2 -> 9.8961709 | G39: =REPT("|",F39) -> ||||||||| | I39: Aoû
C40: Sep | D40: 8.7441052 | E40: 9.5801749 | F40: =(D40+E40)/2 -> 9.1621401 | G40: =REPT("|",F40) -> ||||||||| | I40: Sep
C41: Oct | D41: 8.0182058 | E41: 9.0390071 | F41: =(D41+E41)/2 -> 8.5286064 | G41: =REPT("|",F41) -> |||||||| | I41: Oct
C42: Nov | D42: 8.1449946 | E42: 10.963576 | F42: =(D42+E42)/2 -> 9.5542854 | G42: =REPT("|",F42) -> ||||||||| | I42: Nov
C43: Dec | D43: 11.985294 | E43: 13.532319 | F43: =(D43+E43)/2 -> 12.758807 | G43: =REPT("|",F43) -> |||||||||||| | I43: Déc
B44: 2012 | C44: Jan | D44: 10.287259 | E44: 11.109756 | F44: =(D44+E44)/2 -> 10.698507 | G44: =REPT("|",F44) -> |||||||||| | H44: 2012 | I44: Jan
C45: Feb | D45: 9.2880631 | E45: 10.655172 | F45: =(D45+E45)/2 -> 9.9716177 | G45: =REPT("|",F45) -> ||||||||| | I45: Fév
C46: Mar | D46: 9.7463827 | E46: 11.17801 | F46: =(D46+E46)/2 -> 10.462197 | G46: =REPT("|",F46) -> |||||||||| | I46: Mar
C47: Apr | D47: 9.6733892 | E47: 10.793722 | F47: =(D47+E47)/2 -> 10.233556 | G47: =REPT("|",F47) -> |||||||||| | I47: Apr
C48: May | D48: 9.8192022 | E48: 12.575342 | F48: =(D48+E48)/2 -> 11.197272 | G48: =REPT("|",F48) -> ||||||||||| | I48: Mai
C49: Jun | D49: 9.5336465 | E49: 11.744048 | F49: =(D49+E49)/2 -> 10.638847 | G49: =REPT("|",F49) -> |||||||||| | I49: Juin
C50: Jul | D50: 11.368008 | E50: 11.535032 | F50: =(D50+E50)/2 -> 11.45152 | G50: =REPT("|",F50) -> ||||||||||| | I50: Juil
C51: Aug | D51: 10.44509 | E51: 10.501992 | F51: =(D51+E51)/2 -> 10.473541 | G51: =REPT("|",F51) -> |||||||||| | I51: Aoû
C52: Sep | D52: 9.5212455 | E52: 11.020339 | F52: =(D52+E52)/2 -> 10.270792 | G52: =REPT("|",F52) -> |||||||||| | I52: Sep
C53: Oct | D53: 10.44509 | E53: 10.501992 | F53: =(D53+E53)/2 -> 10.473541 | G53: =REPT("|",F53) -> |||||||||| | I53: Oct
C54: Nov | D54: 8.9084422 | E54: 9.0222222 | F54: =(D54+E54)/2 -> 8.9653322 | G54: =REPT("|",F54) -> ||||||||
B56: Source: | C56: Immigration Department/Service de I'Immigration
B57: Rating by main purpose of stay | E57: Day
B58: Transit/ | E58: <4
B59: Holiday/ | E59: 5-7.5
B60: Holiday; business, meeting, conferences/ | E60: 8-10.5
B61: Visiting friends and families; holiday/ | E61: 11-15

Sheet Sheet1
B4: Table 6 : Visitors Arrival Average Age
B5: Tableau 6 : Résumé des échanges migratoires avec l'extérieur
B7: Year | C7: Month | D7: AVERAGE AGE OF VISITORS | H7: Année | I7: Mois
D8: Port Vila | E8: Luganville | F8: Vanuatu | G8: RATING /
B10: 2009 | C10: Jan | D10: 0 | E10: 0 | F10: =(D10+E10)/2 -> 0 | H10: 2009 | I10: Jan
C11: Feb | D11: 0 | E11: 0 | F11: =(D11+E11)/2 -> 0 | I11: Fév
C12: Mar | D12: 0 | E12: 0 | F12: =(D12+E12)/2 -> 0 | I12: Mar
C13: Apr | D13: 0 | E13: 0 | F13: =(D13+E13)/2 -> 0 | I13: Avr
C14: May | D14: 0 | E14: 0 | F14: =(D14+E14)/2 -> 0 | I14: Mai
C15: Jun | D15: =#REF! -> #REF! | E15: =#REF! -> #REF! | F15: =(D15+E15)/2 -> #REF! | G15: =REPT("|",F15) -> #REF! | H15: 2009 | I15: Juin
C16: Jul | D16: =#REF! -> #REF! | E16: =#REF! -> #REF! | F16: =(D16+E16)/2 -> #REF! | G16: =REPT("|",F16) -> #REF! | I16: Juil
C17: Aug | D17: =#REF! -> #REF! | E17: =#REF! -> #REF! | F17: =(D17+E17)/2 -> #REF! | G17: =REPT("|",F17) -> #REF! | I17: Aoû
C18: Sep | D18: =#REF! -> #REF! | E18: =#REF! -> #REF! | F18: =(D18+E18)/2 -> #REF! | G18: =REPT("|",F18) -> #REF! | I18: Sep
B19: 2009 | C19: Oct | D19: 10 | E19: 8.5 | F19: =(D19+E19)/2 -> 9.25 | G19: =REPT("|",F19) -> ||||||||| | H19: 2009 | I19: Oct
C20: Nov | D20: =#REF! -> #REF! | E20: =#REF! -> #REF! | F20: =(D20+E20)/2 -> #REF! | G20: =REPT("|",F20) -> #REF! | I20: Nov
C21: Dec | D21: =#REF! -> #REF! | E21: =#REF! -> #REF! | F21: =(D21+E21)/2 -> #REF! | G21: =REPT("|",F21) -> #REF! | I21: Dec
B22: 2010 | C22: Jan | D22: =#REF! -> #REF! | E22: =#REF! -> #REF! | F22: =(D22+E22)/2 -> #REF! | G22: =REPT("|",F22) -> #REF! | H22: 2010 | I22: Jan
C23: Feb | D23: =#REF! -> #REF! | E23: =#REF! -> #REF! | F23: =(D23+E23)/2 -> #REF! | G23: =REPT("|",F23) -> #REF! | I23: Fév
C24: Mar | D24: =#REF! -> #REF! | E24: =#REF! -> #REF! | F24: =(D24+E24)/2 -> #REF! | G24: =REPT("|",F24) -> #REF! | I24: Mar
C25: Apr | D25: =#REF! -> #REF! | E25: =#REF! -> #REF! | F25: =(D25+E25)/2 -> #REF! | G25: =REPT("|",F25) -> #REF! | I25: Avr
C26: May | D26: =#REF! -> #REF! | E26: =#REF! -> #REF! | F26: =(D26+E26)/2 -> #REF! | G26: =REPT("|",F26) -> #REF! | I26: Mai
C27: Jun | D27: =#REF! -> #REF! | E27: =#REF! -> #REF! | F27: =(D27+E27)/2 -> #REF! | G27: =REPT("|",F27) -> #REF! | H27: 2010 | I27: Juin
C28: Jul | D28: =#REF! -> #REF! | E28: =#REF! -> #REF! | F28: =(D28+E28)/2 -> #REF! | G28: =REPT("|",F28) -> #REF! | I28: Juil
C29: Aug | D29: =#REF! -> #REF! | E29: =#REF! -> #REF! | F29: =(D29+E29)/2 -> #REF! | G29: =REPT("|",F29) -> #REF! | I29: Aoû
C30: Sep | D30: =#REF! -> #REF! | E30: =#REF! -> #REF! | F30: =(D30+E30)/2 -> #REF! | G30: =REPT("|",F30) -> #REF! | I30: Sep
B31: 2010 | C31: Oct | D31: 11 | E31: 10 | F31: =(D31+E31)/2 -> 10.5 | G31: =REPT("|",F31) -> |||||||||| | H31: 2010 | I31: Oct
C32: Nov | D32: =#REF! -> #REF! | E32: =#REF! -> #REF! | F32: =(D32+E32)/2 -> #REF! | G32: =REPT("|",F32) -> #REF! | I32: Nov
C33: Dec | D33: =#REF! -> #REF! | E33: =#REF! -> #REF! | F33: =(D33+E33)/2 -> #REF! | G33: =REPT("|",F33) -> #REF! | I33: Dec
B34: 2011 | C34: Jan | D34: 8.6 | E34: 9.4 | F34: =(D34+E34)/2 -> 9 | G34: =REPT("|",F34) -> ||||||||| | H34: 2011 | I34: Jan
C35: Feb | D35: 35.361951 | E35: 43.471264 | F35: =(D35+E35)/2 -> 39.416608 | G35: =REPT("|",F35) -> ||||||||||||||||||||||||||||||||||||||| | I35: Fév
C36: Mar | D36: 41.044336 | E36: 45.301971 | F36: =(D36+E36)/2 -> 43.173154 | G36: =REPT("|",F36) -> ||||||||||||||||||||||||||||||||||||||||||| | I36: Mar
C37: Apr | D37: 37.029869 | E37: 21.873234 | F37: =(D37+E37)/2 -> 29.451551 | G37: =REPT("|",F37) -> ||||||||||||||||||||||||||||| | I37: Apr
C38: May | D38: 40.932354 | E38: 47.169628 | F38: =(D38+E38)/2 -> 44.050991 | G38: =REPT("|",F38) -> |||||||||||||||||||||||||||||||||||||||||||| | I38: Mai
C39: Jun | D39: 39.819292 | E39: 39.38805 | F39: =(D39+E39)/2 -> 39.603671 | G39: =REPT("|",F39) -> ||||||||||||||||||||||||||||||||||||||| | I39: Juin
C40: Jul | D40: 38.320328 | E40: 41.545968 | F40: =(D40+E40)/2 -> 39.933148 | G40: =REPT("|",F40) -> ||||||||||||||||||||||||||||||||||||||| | I40: Juil
C41: Aug | D41: 41.350063 | E41: 36.702316 | F41: =(D41+E41)/2 -> 39.02619 | G41: =REPT("|",F41) -> ||||||||||||||||||||||||||||||||||||||| | I41: Aoû
C42: Sep | D42: 38.641747 | E42: 43.148445 | F42: =(D42+E42)/2 -> 40.895096 | G42: =REPT("|",F42) -> |||||||||||||||||||||||||||||||||||||||| | I42: Sep
C43: Oct | D43: 39.162786 | E43: 40.704947 | F43: =(D43+E43)/2 -> 39.933867 | G43: =REPT("|",F43) -> ||||||||||||||||||||||||||||||||||||||| | I43: Oct
C44: Nov | D44: 38.705676 | E44: 36.783499 | F44: =(D44+E44)/2 -> 37.744588 | G44: =REPT("|",F44) -> ||||||||||||||||||||||||||||||||||||| | I44: Nov
C45: Dec | D45: 44.759191 | E45: 36.954373 | F45: =(D45+E45)/2 -> 40.856782 | G45: =REPT("|",F45) -> |||||||||||||||||||||||||||||||||||||||| | I45: Déc
B46: 2012 | C46: Jan | D46: 33.998995 | E46: 36.500508 | F46: =(D46+E46)/2 -> 35.249752 | G46: =REPT("|",F46) -> ||||||||||||||||||||||||||||||||||| | H46: 2012 | I46: Jan
C47: Feb | D47: 38.742467 | E47: 45.933908 | F47: =(D47+E47)/2 -> 42.338188 | G47: =REPT("|",F47) -> |||||||||||||||||||||||||||||||||||||||||| | I47: Fév
C48: Mar | D48: 38.041463 | E48: 42.915794 | F48: =(D48+E48)/2 -> 40.478629 | G48: =REPT("|",F48) -> |||||||||||||||||||||||||||||||||||||||| | I48: Mar
C49: Apr | D49: 38.041463 | E49: 42.915794 | F49: =(D49+E49)/2 -> 40.478629 | G49: =REPT("|",F49) -> |||||||||||||||||||||||||||||||||||||||| | I49: Avr
C50: May | D50: 39.728626 | E50: 53.269406 | F50: =(D50+E50)/2 -> 46.499016 | G50: =REPT("|",F50) -> |||||||||||||||||||||||||||||||||||||||||||||| | I50: Mai
C51: Jun | D51: 37.873919 | E51: 29.739583 | F51: =(D51+E51)/2 -> 33.806751 | G51: =REPT("|",F51) -> ||||||||||||||||||||||||||||||||| | I51: Juin
C52: Jul | D52: 38.410779 | E52: 40.977176 | F52: =(D52+E52)/2 -> 39.693978 | G52: =REPT("|",F52) -> ||||||||||||||||||||||||||||||||||||||| | I52: Juil
C53: Aug | D53: 41.545426 | E53: 46.48672 | F53: =(D53+E53)/2 -> 44.016073 | G53: =REPT("|",F53) -> |||||||||||||||||||||||||||||||||||||||||||| | I53: Aug
C54: Sep | D54: 36.486605 | E54: 38.279096 | F54: =(D54+E54)/2 -> 37.38285 | G54: =REPT("|",F54) -> ||||||||||||||||||||||||||||||||||||| | I54: Sep
C55: Oct | D55: 41.545426 | E55: 46.48672 | F55: =(D55+E55)/2 -> 44.016073 | G55: =REPT("|",F55) -> |||||||||||||||||||||||||||||||||||||||||||| | I55: Oct
C56: Nov | D56: 36.646867 | E56: 41.564198 | F56: =(D56+E56)/2 -> 39.105532 | G56: =REPT("|",F56) -> ||||||||||||||||||||||||||||||||||||||| | I56: Nov
B58: Source: | C58: Immigration Department/Service de I'Immigration

Sheet Tab 5.Visitors LOS
B2: Table 5 : Visitors Arriving by Air Intended Length of Stay*
B3: Tableau 5 : Arrivée des Visiteurs à longue durée de Séjour
B5: Year | C5: Month | D5: AVERAGE INTENDED LENGTH OF STAY / LA MOYENNE DE LONGUE DUREE DE SEJOUR | K5: Année | M5: Mois
D6: Port Vila | F6: Luganville | H6: Vanuatu
B7: 2009 | D7: =AVERAGE(D19:D30) -> 5.5305877 | F7: =AVERAGE(F19:F30) -> 5.4667441 | H7: =AVERAGE(D7:F7) -> 5.4986659 | K7: 2009
B8: 2010 | D8: =AVERAGE(D31:D42) -> 9.5168339 | F8: =AVERAGE(F31:F42) -> 10.869159 | H8: =AVERAGE(D8:F8) -> 10.192996 | K8: 2010
B9: 2011 | D9: =AVERAGE(D43:D54) -> 8.8828463 | F9: =AVERAGE(F43:F54) -> 10.866039 | H9: =AVERAGE(D9:F9) -> 9.8744426 | K9: 2011
B10: 2012 | D10: =AVERAGE(D55:D66) -> 9.8286884 | F10: =AVERAGE(F55:F66) -> 11.107753 | H10: =AVERAGE(D10:F10) -> 10.468221 | K10: 2012
B11: 2013 | D11: =AVERAGE(D67:D78) -> 10.831739 | F11: =AVERAGE(F67:F103) -> 11.600489 | H11: =AVERAGE(D11:F11) -> 11.216114 | K11: 2013
B12: 2014 | D12: =AVERAGE(D79:D90) -> 9.5099705 | F12: =AVERAGE(F79:F90) -> 11.542343 | H12: =AVERAGE(D12:F12) -> 10.526157 | K12: 2014
B13: 2015 | D13: =AVERAGE(D91:D102) -> 10.514445 | F13: =AVERAGE(F91:F102) -> 11.678484 | H13: =AVERAGE(D13:F13) -> 11.096465 | K13: 2015
B14: 2016 | D14: =AVERAGE(D103:D114) -> 10.243508 | F14: =AVERAGE(F103:F114) -> 11.613256 | H14: =AVERAGE(D14:F14) -> 10.928382 | K14: 2016
B15: 2017 | D15: =AVERAGE(D115:D126) -> 10.43283 | F15: =AVERAGE(F115:F126) -> 12.26803 | H15: =AVERAGE(H115:H126) -> 11.448798 | K15: 2017
B16: 2018 | D16: =AVERAGE(D127:D138) -> 9.9000475 | F16: =AVERAGE(F127:F138) -> 11.945376 | H16: =AVERAGE(H127:H138) -> 10.922712 | K16: 2018
B17: 2019 | C17: [p] | D17: =AVERAGE(D139:D150) -> 10.350411 | F17: =AVERAGE(F139:F150) -> 13.441753 | H17: =AVERAGE(H139:H150) -> 11.896082 | K17: 2019 | M17: [p]
B18: 2020 | C18: [p] | D18: =AVERAGE(D151:D162) -> 2.8441596 | F18: =AVERAGE(F151:F162) -> 1.4568221 | H18: =AVERAGE(H151:H162) -> 3.0806151 | K18: 2020 | M18: [p]
B19: 2009 | C19: Jan | D19: 0 | F19: 0 | H19: =(D19+F19)/2 -> 0 | K19: 2009 | M19: Jan
C20: Feb | D20: 0 | F20: 0 | H20: =(D20+F20)/2 -> 0 | M20: Fév
C21: Mar | D21: 0 | F21: 0 | H21: =(D21+F21)/2 -> 0 | M21: Mar
C22: Apr | D22: 0 | F22: 0 | H22: =(D22+F22)/2 -> 0 | M22: Avr
C23: May | D23: 0 | F23: 0 | H23: =(D23+F23)/2 -> 0 | M23: Mai
C24: Jun | D24: 9.4 | F24: 0 | H24: =(D24+F24)/2 -> 4.7 | J24: =REPT("|",H24) -> |||| | M24: Juin
C25: Jul | D25: 10.5 | F25: 11.83 | H25: =(D25+F25)/2 -> 11.165 | J25: =REPT("|",H25) -> ||||||||||| | M25: Juil
C26: Aug | D26: 10.3 | F26: 11.44 | H26: =(D26+F26)/2 -> 10.87 | J26: =REPT("|",H26) -> |||||||||| | K26: 2009 | M26: Aoû
C27: Sep | D27: 8.726867 | F27: 11.010929 | H27: =(D27+F27)/2 -> 9.868898 | J27: =REPT("|",H27) -> ||||||||| | K27: 2009 | M27: Sep
C28: Oct | D28: 8.51 | F28: 10 | H28: =(D28+F28)/2 -> 9.255 | J28: =REPT("|",H28) -> ||||||||| | K28: 2009 | M28: Oct
C29: Nov | D29: 8.5 | F29: 9.42 | H29: =(D29+F29)/2 -> 8.96 | J29: =REPT("|",H29) -> |||||||| | K29: 2009 | M29: Nov
C30: Dec | D30: 10.430186 | F30: 11.9 | H30: =(D30+F30)/2 -> 11.165093 | J30: =REPT("|",H30) -> ||||||||||| | K30: 2009 | M30: Dec
B31: 2010 | C31: Jan | D31: 9.31 | F31: 11.4 | H31: =(D31+F31)/2 -> 10.355 | J31: =REPT("|",H31) -> |||||||||| | K31: 2010 | M31: Jan
C32: Feb | D32: 11.951535 | F32: 11.447674 | H32: =(D32+F32)/2 -> 11.699605 | J32: =REPT("|",H32) -> ||||||||||| | M32: Fév
C33: Mar | D33: 9.6127983 | F33: 8.833333 | H33: =(D33+F33)/2 -> 9.2230656 | J33: =REPT("|",H33) -> ||||||||| | K33: 2010 | M33: Mar
C34: Apr | D34: 9.8827341 | F34: 8.833333 | H34: =(D34+F34)/2 -> 9.3580336 | J34: =REPT("|",H34) -> ||||||||| | K34: 2010 | M34: Avr
C35: May | D35: 9.0723499 | F35: 12.55 | H35: =(D35+F35)/2 -> 10.811175 | J35: =REPT("|",H35) -> |||||||||| | K35: 2010 | M35: Mai
C36: Jun | D36: 9.2495484 | F36: 15.15789 | H36: =(D36+F36)/2 -> 12.203719 | J36: =REPT("|",H36) -> |||||||||||| | K36: 2010 | M36: Juin
C37: Jul | D37: 9.1481031 | F37: 11.44772 | H37: =(D37+F37)/2 -> 10.297912 | J37: =REPT("|",H37) -> |||||||||| | K37: 2010 | M37: Juil
C38: Aug | D38: 8.4186246 | F38: 8.9558167 | H38: =(D38+F38)/2 -> 8.6872207 | J38: =REPT("|",H38) -> |||||||| | K38: 2010 | M38: Aoû
C39: Sep | D39: 8.2608357 | F39: 11.692042 | H39: =(D39+F39)/2 -> 9.9764386 | J39: =REPT("|",H39) -> ||||||||| | K39: 2010 | M39: Sep
C40: Oct | D40: 10 | F40: 11 | H40: =(D40+F40)/2 -> 10.5 | J40: =REPT("|",H40) -> |||||||||| | K40: 2010 | M40: Oct
C41: Nov | D41: 9.42 | F41: 7.8069307 | H41: =(D41+F41)/2 -> 8.6134653 | J41: =REPT("|",H41) -> |||||||| | K41: 2010 | M41: Nov
C42: Dec | D42: 9.8754777 | F42: 11.305164 | H42: =(D42+F42)/2 -> 10.590321 | J42: =REPT("|",H42) -> |||||||||| | K42: 2010 | M42: Dec
B43: 2011 | C43: Jan | D43: 8.6380049 | F43: 9.3602941 | H43: =(D43+F43)/2 -> 8.9991495 | J43: =REPT("|",H43) -> |||||||| | K43: 2011 | M43: Jan
C44: Feb | D44: 8.3964082 | F44: 11.448276 | H44: =(D44+F44)/2 -> 9.922342 | J44: =REPT("|",H44) -> ||||||||| | K44: 2011 | M44: Fév
C45: Mar | D45: 8.7973648 | F45: 8.344086 | H45: =(D45+F45)/2 -> 8.5707254 | J45: =REPT("|",H45) -> |||||||| | K45: 2011 | M45: Mar
C46: Apr | D46: 8.2138628 | F46: 13.838983 | H46: =(D46+F46)/2 -> 11.026423 | J46: =REPT("|",H46) -> ||||||||||| | K46: 2011 | M46: Avr
C47: May | D47: 9.1427656 | F47: 10.446701 | H47: =(D47+F47)/2 -> 9.794733 | J47: =REPT("|",H47) -> ||||||||| | K47: 2011 | M47: Mai
C48: Jun | D48: 8.589365 | F48: 12.584906 | H48: =(D48+F48)/2 -> 10.587135 | J48: =REPT("|",H48) -> |||||||||| | K48: 2011 | M48: Juin
C49: Jul | D49: 8.9597811 | F49: 10.425806 | H49: =(D49+F49)/2 -> 9.6927938 | J49: =REPT("|",H49) -> ||||||||| | K49: 2011 | M49: Juil
C50: Aug | D50: 8.9640039 | F50: 10.828338 | H50: =(D50+F50)/2 -> 9.8961709 | J50: =REPT("|",H50) -> ||||||||| | K50: 2011 | M50: Aoû
C51: Sep | D51: 8.7441052 | F51: 9.5801749 | H51: =(D51+F51)/2 -> 9.1621401 | J51: =REPT("|",H51) -> ||||||||| | K51: 2011 | M51: Sep
C52: Oct | D52: 8.0182058 | F52: 9.0390071 | H52: =(D52+F52)/2 -> 8.5286064 | J52: =REPT("|",H52) -> |||||||| | K52: 2011 | M52: Oct
C53: Nov | D53: 8.1449946 | F53: 10.963576 | H53: =(D53+F53)/2 -> 9.5542854 | J53: =REPT("|",H53) -> ||||||||| | K53: 2011 | M53: Nov
C54: Dec | D54: 11.985294 | F54: 13.532319 | H54: =(D54+F54)/2 -> 12.758807 | J54: =REPT("|",H54) -> |||||||||||| | K54: 2011 | M54: Dec
B55: 2012 | C55: Jan | D55: 10.287259 | F55: 11.109756 | H55: =(D55+F55)/2 -> 10.698507 | J55: =REPT("|",H55) -> |||||||||| | K55: 2012 | M55: Jan
B56: 2012 | C56: Feb | D56: 9.2880631 | F56: 10.655172 | H56: =(D56+F56)/2 -> 9.9716177 | J56: =REPT("|",H56) -> ||||||||| | K56: 2012 | M56: Fév
B57: 2012 | C57: Mar | D57: 9.7463827 | F57: 11.17801 | H57: =AVERAGE(D57:F57) -> 10.462197 | J57: =REPT("|",H57) -> |||||||||| | K57: 2012 | M57: Mar
B58: 2012 | C58: Apr | D58: 9.6733892 | F58: 10.793722 | H58: =(D58+F58)/2 -> 10.233556 | J58: =REPT("|",H58) -> |||||||||| | K58: 2012 | M58: Avr
C59: May | D59: 9.8192022 | F59: 12.575342 | H59: =(D59+F59)/2 -> 11.197272 | J59: =REPT("|",H59) -> ||||||||||| | K59: 2012 | M59: Mai
C60: Jun | D60: 9.5336465 | F60: 11.744048 | H60: =(D60+F60)/2 -> 10.638847 | J60: =REPT("|",H60) -> |||||||||| | K60: 2012 | M60: Juin
C61: Jul | D61: 11.368008 | F61: 11.535032 | H61: =(D61+F61)/2 -> 11.45152 | J61: =REPT("|",H61) -> ||||||||||| | K61: 2012 | M61: Juil
C62: Aug | D62: 10.44509 | F62: 10.501992 | H62: =(D62+F62)/2 -> 10.473541 | J62: =REPT("|",H62) -> |||||||||| | K62: 2012 | M62: Aoû
C63: Sep | D63: 9.5212455 | F63: 11.020339 | H63: =(D63+F63)/2 -> 10.270792 | J63: =REPT("|",H63) -> |||||||||| | K63: 2012 | M63: Sep
B64: 2012 | C64: Oct | D64: 10.44509 | F64: 10.501992 | H64: =(D64+F64)/2 -> 10.473541 | J64: =REPT("|",H64) -> |||||||||| | K64: 2012 | M64: Oct
B65: 2012 | C65: Nov | D65: 8.9084422 | F65: 9.0222222 | H65: =(D65+F65)/2 -> 8.9653322 | J65: =REPT("|",H65) -> |||||||| | K65: 2012 | M65: Nov
B66: 2012 | C66: Dec | D66: 8.9084422 | F66: 12.655405 | H66: =(D66+F66)/2 -> 10.781924 | K66: 2012 | M66: Dec
B67: 2013 | C67: Jan | D67: 11.640572 | F67: 11.172589 | H67: =SUM(D67:F67)/2 -> 11.406581 | K67: 2013 | M67: Jan
B68: 2013 | C68: Feb | D68: 15.593009 | F68: 9.352459 | H68: =SUM(D68:F68)/2 -> 12.472734 | K68: 2013 | M68: Fév
B69: 2013 | C69: Mar | D69: 10.053048 | F69: 11.153333 | H69: =AVERAGE(D69:F69) -> 10.603191 | K69: 2013 | M69: Mar
B70: 2013 | C70: Apr | D70: 10.743888 | F70: 10.818372 | H70: =SUM(D70:F70)/2 -> 10.78113 | K70: 2013 | M70: Avr
B71: 2013 | C71: May | D71: 9.4632915 | F71: 12.586006 | H71: =SUM(D71:F71)/2 -> 11.024649 | K71: 2013 | M71: Mai
B72: 2013 | C72: Jun | D72: 9.1576268 | F72: 11.6525 | H72: =SUM(D72:F72)/2 -> 10.405063 | K72: 2013 | M72: Juin
B73: 2013 | C73: Jul | D73: 9.9892888 | F73: 12 | H73: =SUM(D73:F73)/2 -> 10.994644 | K73: 2013 | M73: Juil
B74: 2013 | C74: Aug | D74: 9.5376837 | F74: 13.150442 | H74: =SUM(D74:F74)/2 -> 11.344063 | K74: 2013 | M74: Aoû
B75: 2013 | C75: Sep | D75: 9.0102293 | F75: 12.832031 | H75: =SUM(D75:F75)/2 -> 10.92113 | K75: 2013 | M75: Sep
B76: 2013 | C76: Oct | D76: 15.689828 | F76: 10.581986 | H76: =SUM(D76:F76)/2 -> 13.135907 | K76: 2013 | M76: Oct
B77: 2013 | C77: Nov | D77: 8.0364217 | F77: 11.838926 | H77: =SUM(D77:F77)/2 -> 9.9376739 | K77: 2013 | M77: Nov
B78: 2013 | C78: Dec | D78: 11.065977 | F78: 12.213158 | H78: =SUM(D78:F78)/2 -> 11.639567 | K78: 2013 | M78: Dec
B79: 2014 | C79: Jan | D79: 10.439913 | F79: 13.622642 | H79: =SUM(D79:F79)/2 -> 12.031277 | K79: 2014 | M79: Jan
B80: 2014 | C80: Feb | D80: 13.092661 | F80: 16.717557 | H80: =SUM(D80:F80)/2 -> 14.905109 | K80: 2014 | M80: Fév
B81: 2014 | C81: Mar | D81: 9.8732372 | F81: 9.0289855 | H81: =AVERAGE(D81:F81) -> 9.4511113 | K81: 2014 | M81: Mar
B82: 2014 | C82: Apr | D82: 9.0246259 | F82: 10.845946 | H82: =SUM(D82:F82)/2 -> 9.9352859 | K82: 2014 | M82: Avr
B83: 2014 | C83: May | D83: 8.7859249 | F83: 13.127451 | H83: =SUM(D83:F83)/2 -> 10.956688 | K83: 2014 | M83: Mai
B84: 2014 | C84: Jun | D84: 9.1513876 | F84: 10.945946 | H84: =SUM(D84:F84)/2 -> 10.048667 | K84: 2014 | M84: Juin
B85: 2014 | C85: Jul | D85: 9.8682679 | F85: 13.127572 | H85: 11.49792 | K85: 2014 | M85: Juil
B86: 2014 | C86: Aug | D86: 8.7848236 | F86: 10.15142 | H86: 9.4681216 | K86: 2014 | M86: Aoû
B87: 2014 | C87: Sep | D87: 8.976889 | F87: 9.6666667 | H87: 9.3217778 | K87: 2014 | M87: Sep
B88: 2014 | C88: Oct | D88: 8.0742915 | F88: 8.5990099 | H88: 9.3217778 | K88: 2014 | M88: Oct
B89: 2014 | C89: Nov | D89: 8.3169384 | F89: 9.6067961 | H89: 8.9618673 | K89: 2014 | M89: Nov
B90: 2014 | C90: Dec | D90: 9.7306865 | F90: 13.06812 | H90: 11.399403 | K90: 2014 | M90: Dec
B91: 2015 | C91: Jan | D91: 8.885951 | F91: 9.1672474 | H91: 9.0265992 | K91: 2015 | M91: Jan
B92: 2015 | C92: Feb | D92: 12.50126 | F92: 10.798995 | H92: 11.650128 | K92: 2015 | M92: Fév
B93: 2015 | C93: Mar | D93: 11.488835 | F93: 15.472527 | H93: =AVERAGE(D93:F93) -> 13.480681 | K93: 2015 | M93: Mar
B94: 2015 | C94: Apr | D94: 11.133255 | F94: 10.441077 | H94: 10.787166 | K94: 2015 | M94: Avr
B95: 2015 | C95: May | D95: 10.3562 | F95: 14.262295 | H95: 12.309247 | K95: 2015 | M95: Mai
B96: 2015 | C96: Jun | D96: 11.627283 | F96: 11.431818 | H96: 11.529551 | K96: 2015 | M96: Juin
B97: 2015 | C97: Jul | D97: 11.693738 | F97: 12.496711 | H97: 12.095224 | K97: 2015 | M97: Juil
B98: 2015 | C98: Aug | D98: 10.463754 | F98: 10.911243 | H98: 10.687498 | K98: 2015 | M98: Aoû
B99: 2015 | C99: Sep | D99: 9.4832 | F99: 10.8435 | H99: 10.16335 | K99: 2015 | M99: Sep
B100: 2015 | C100: Oct | D100: 9.4672111 | F100: 11.57337 | H100: 10.52029 | K100: 2015 | M100: Oct
B101: 2015 | C101: Nov | D101: 8.8726559 | F101: 10.343023 | H101: 9.6078396 | K101: 2015 | M101: Nov
B102: 2015 | C102: Dec | D102: 10.2 | F102: 12.4 | H102: 11.3 | K102: 2015 | M102: Dec
...

Sheet Tab 6.Visitors AGE
B4: Table 6 : Visitors Arriving by Air Average Age
B5: Tableau 6 : Arrivée des Visiteurs par Age moyen
B7: Year | D7: Month | E7: AVERAGE AGE OF VISITORS / L'AGE MOYEN DES VISITEURS | K7: RATING | L7: Année | N7: Mois
E8: Port Vila | G8: Luganville | I8: Vanuatu
B9: 2009 | D9: Jan | E9: 0 | G9: 0 | I9: =(E9+G9)/2 -> 0 | L9: 2009 | N9: Jan
D10: Feb | E10: 0 | G10: 0 | I10: =(E10+G10)/2 -> 0 | N10: Fév
D11: Mar | E11: 0 | G11: 0 | I11: =(E11+G11)/2 -> 0 | N11: Mar
D12: Apr | E12: 0 | G12: 0 | I12: =(E12+G12)/2 -> 0 | N12: Avr
D13: May | E13: 0 | G13: 0 | I13: =(E13+G13)/2 -> 0 | N13: Mai
D14: Jun | E14: 37.4 | G14: 38.89 | I14: =(E14+G14)/2 -> 38.145 | K14: =REPT("|",I14) -> |||||||||||||||||||||||||||||||||||||| | L14: 2009 | N14: Juin
D15: Jul | E15: 35 | G15: 38.89 | I15: =(E15+G15)/2 -> 36.945 | K15: =REPT("|",I15) -> |||||||||||||||||||||||||||||||||||| | N15: Juil
D16: Aug | E16: 39.3 | G16: 42.87 | I16: =(E16+G16)/2 -> 41.085 | K16: =REPT("|",I16) -> ||||||||||||||||||||||||||||||||||||||||| | N16: Aoû
D17: Sep | E17: 37.342087 | G17: #REF! | I17: =(E17+G17)/2 -> #REF! | K17: =REPT("|",I17) -> #REF! | L17: 2009 | N17: Sep
D18: Oct | E18: 38.9 | G18: 40.2 | I18: =(E18+G18)/2 -> 39.55 | K18: =REPT("|",I18) -> ||||||||||||||||||||||||||||||||||||||| | L18: 2009 | N18: Oct
D19: Nov | E19: 37.1 | G19: 41.8 | I19: =(E19+G19)/2 -> 39.45 | K19: =REPT("|",I19) -> ||||||||||||||||||||||||||||||||||||||| | L19: 2009 | N19: Nov
D20: Dec | E20: 33.681733 | G20: 33.95 | I20: =(E20+G20)/2 -> 33.815867 | K20: =REPT("|",I20) -> ||||||||||||||||||||||||||||||||| | L20: 2009 | N20: Dec
B21: 2010 | D21: Jan | E21: 34 | G21: 37.1 | I21: =(E21+G21)/2 -> 35.55 | K21: =REPT("|",I21) -> ||||||||||||||||||||||||||||||||||| | L21: 2010 | N21: Jan
D22: Feb | E22: 38.044756 | G22: 42.875242 | I22: =(E22+G22)/2 -> 40.459999 | K22: =REPT("|",I22) -> |||||||||||||||||||||||||||||||||||||||| | L22: 2010 | N22: Fév
D23: Mar | E23: 40.041492 | G23: 27.25 | I23: =(E23+G23)/2 -> 33.645746 | K23: =REPT("|",I23) -> ||||||||||||||||||||||||||||||||| | L23: 2010 | N23: Mar
D24: Apr | E24: 38.551783 | G24: 42.313095 | I24: =(E24+G24)/2 -> 40.432439 | K24: =REPT("|",I24) -> |||||||||||||||||||||||||||||||||||||||| | L24: 2010 | N24: Avr
D25: May | E25: 40.804201 | G25: 46.6 | I25: =(E25+G25)/2 -> 43.7021 | K25: =REPT("|",I25) -> ||||||||||||||||||||||||||||||||||||||||||| | L25: 2010 | N25: Mai
D26: Jun | E26: 37.783802 | G26: 33.526315 | I26: =(E26+G26)/2 -> 35.655059 | K26: =REPT("|",I26) -> ||||||||||||||||||||||||||||||||||| | L26: 2010 | N26: Juin
D27: Jul | E27: 40.197053 | G27: 40.44272 | I27: =(E27+G27)/2 -> 40.319886 | K27: =REPT("|",I27) -> |||||||||||||||||||||||||||||||||||||||| | L27: 2010 | N27: Juil
D28: Aug | E28: 41.239538 | G28: 45.957663 | I28: =(E28+G28)/2 -> 43.5986 | K28: =REPT("|",I28) -> ||||||||||||||||||||||||||||||||||||||||||| | L28: 2010 | N28: Aoû
D29: Sep | E29: 36.815697 | G29: 37.703287 | I29: =(E29+G29)/2 -> 37.259492 | K29: =REPT("|",I29) -> ||||||||||||||||||||||||||||||||||||| | L29: 2010 | N29: Sep
D30: Oct | E30: 38.92104 | G30: 40.2 | I30: =(E30+G30)/2 -> 39.56052 | K30: =REPT("|",I30) -> ||||||||||||||||||||||||||||||||||||||| | L30: 2010 | N30: Oct
D31: Nov | E31: 38.606436 | G31: 41.8 | I31: =(E31+G31)/2 -> 40.203218 | K31: =REPT("|",I31) -> |||||||||||||||||||||||||||||||||||||||| | L31: 2010 | N31: Nov
D32: Dec | E32: 37.120501 | G32: 33.277757 | I32: =(E32+G32)/2 -> 35.199129 | K32: =REPT("|",I32) -> ||||||||||||||||||||||||||||||||||| | L32: 2010 | N32: Dec
B33: 2011 | D33: Jan | E33: 32.925784 | G33: 38.414828 | I33: =(E33+G33)/2 -> 35.670306 | K33: =REPT("|",I33) -> ||||||||||||||||||||||||||||||||||| | L33: 2011 | N33: Jan
D34: Feb | E34: 35.361951 | G34: 43.471264 | I34: =(E34+G34)/2 -> 39.416608 | K34: =REPT("|",I34) -> ||||||||||||||||||||||||||||||||||||||| | L34: 2011 | N34: Fév
D35: Mar | E35: 41.044336 | G35: 45.301971 | I35: =(E35+G35)/2 -> 43.173154 | K35: =REPT("|",I35) -> ||||||||||||||||||||||||||||||||||||||||||| | L35: 2011 | N35: Mar
D36: Apr | E36: 37.029869 | G36: 21.873234 | I36: =(E36+G36)/2 -> 29.451551 | K36: =REPT("|",I36) -> ||||||||||||||||||||||||||||| | L36: 2011 | N36: Avr
D37: May | E37: 40.932354 | G37: 47.169628 | I37: =(E37+G37)/2 -> 44.050991 | K37: =REPT("|",I37) -> |||||||||||||||||||||||||||||||||||||||||||| | L37: 2011 | N37: Mai
D38: Jun | E38: 39.819292 | G38: 39.38805 | I38: =(E38+G38)/2 -> 39.603671 | K38: =REPT("|",I38) -> ||||||||||||||||||||||||||||||||||||||| | L38: 2011 | N38: Juin
D39: Jul | E39: 38.320328 | G39: 41.545968 | I39: =(E39+G39)/2 -> 39.933148 | K39: =REPT("|",I39) -> ||||||||||||||||||||||||||||||||||||||| | L39: 2011 | N39: Juil
D40: Aug | E40: 41.350063 | G40: 36.702316 | I40: =(E40+G40)/2 -> 39.02619 | K40: =REPT("|",I40) -> ||||||||||||||||||||||||||||||||||||||| | L40: 2011 | N40: Aoû
D41: Sep | E41: 38.641747 | G41: 43.148445 | I41: =(E41+G41)/2 -> 40.895096 | K41: =REPT("|",I41) -> |||||||||||||||||||||||||||||||||||||||| | L41: 2011 | N41: Sep
D42: Oct | E42: 39.162786 | G42: 40.704947 | I42: =(E42+G42)/2 -> 39.933867 | K42: =REPT("|",I42) -> ||||||||||||||||||||||||||||||||||||||| | L42: 2011 | N42: Oct
D43: Nov | E43: 38.705676 | G43: 36.783499 | I43: =(E43+G43)/2 -> 37.744588 | K43: =REPT("|",I43) -> ||||||||||||||||||||||||||||||||||||| | L43: 2011 | N43: Nov
D44: Dec | E44: 44.759191 | G44: 36.954373 | I44: =(E44+G44)/2 -> 40.856782 | K44: =REPT("|",I44) -> |||||||||||||||||||||||||||||||||||||||| | L44: 2011 | N44: Dec
B45: 2012 | D45: Jan | E45: 33.998995 | G45: 36.500508 | I45: =(E45+G45)/2 -> 35.249752 | K45: =REPT("|",I45) -> ||||||||||||||||||||||||||||||||||| | L45: 2012 | N45: Jan
D46: Feb | E46: 38.742467 | G46: 45.933908 | I46: =(E46+G46)/2 -> 42.338188 | K46: =REPT("|",I46) -> |||||||||||||||||||||||||||||||||||||||||| | L46: 2012 | N46: Fév
B47: 2012 | D47: Mar | E47: 38.041463 | G47: 42.915794 | I47: =SUM(E47:G47)/2 -> 40.478629 | K47: =REPT("|",I47) -> |||||||||||||||||||||||||||||||||||||||| | L47: 2012 | N47: Avr
B48: 2012 | D48: Apr | E48: 38.041463 | G48: 42.915794 | I48: =(E48+G48)/2 -> 40.478629 | K48: =REPT("|",I48) -> |||||||||||||||||||||||||||||||||||||||| | L48: 2012 | N48: Avr
D49: May | E49: 39.728626 | G49: 53.269406 | I49: =(E49+G49)/2 -> 46.499016 | K49: =REPT("|",I49) -> |||||||||||||||||||||||||||||||||||||||||||||| | L49: 2012 | N49: Mai
D50: Jun | E50: 37.873919 | G50: 29.739583 | I50: =(E50+G50)/2 -> 33.806751 | K50: =REPT("|",I50) -> ||||||||||||||||||||||||||||||||| | L50: 2012 | N50: Juin
D51: Jul | E51: 38.410779 | G51: 40.977176 | I51: =(E51+G51)/2 -> 39.693978 | K51: =REPT("|",I51) -> ||||||||||||||||||||||||||||||||||||||| | L51: 2012 | N51: Juil
D52: Aug | E52: 41.545426 | G52: 46.48672 | I52: =(E52+G52)/2 -> 44.016073 | K52: =REPT("|",I52) -> |||||||||||||||||||||||||||||||||||||||||||| | L52: 2012 | N52: Aoû
D53: Sep | E53: 36.486605 | G53: 38.279096 | I53: =(E53+G53)/2 -> 37.38285 | K53: =REPT("|",I53) -> ||||||||||||||||||||||||||||||||||||| | L53: 2012 | N53: Sep
B54: 2012 | D54: Oct | E54: 41.545426 | G54: 46.48672 | I54: =(E54+G54)/2 -> 44.016073 | K54: =REPT("|",I54) -> |||||||||||||||||||||||||||||||||||||||||||| | L54: 2012 | N54: Oct
B55: 2012 | D55: Nov | E55: 36.646867 | G55: 41.564198 | I55: =(E55+G55)/2 -> 39.105532 | K55: =REPT("|",I55) -> ||||||||||||||||||||||||||||||||||||||| | L55: 2012 | N55: Nov | AB55: TOTAL
B56: 2012 | D56: Dec | E56: 36.646867 | G56: 36.933277 | I56: =(E56+G56)/2 -> 36.790072 | K56: =REPT("|",I56) -> |||||||||||||||||||||||||||||||||||| | L56: 2012 | N56: Dec | AH56: Stated
B57: 2013 | D57: Jan | E57: 35.367024 | G57: 44.174704 | I57: =SUM(E57:G57)/2 -> 39.770864 | K57: =REPT("|",I57) -> ||||||||||||||||||||||||||||||||||||||| | L57: 2013 | N57: Jan
B58: 2013 | D58: Feb | E58: 32.045782 | G58: 46.372268 | I58: =SUM(E58:G58)/2 -> 39.209025 | K58: =REPT("|",I58) -> ||||||||||||||||||||||||||||||||||||||| | L58: 2013 | N58: Fév
B59: 2013 | D59: Mar | E59: 36.980462 | G59: 41.507222 | I59: =SUM(E59:G59)/2 -> 39.243842 | L59: 2013 | N59: Avr
B60: 2013 | D60: Apr | E60: 38.107736 | G60: 34.390397 | I60: =SUM(E60:G60)/2 -> 36.249067 | L60: 2013 | N60: Avr
B61: 2013 | D61: May | E61: 41.703098 | G61: 46.717687 | I61: =SUM(E61:G61)/2 -> 44.210393 | L61: 2013 | N61: Mai
B62: 2013 | D62: Jun | E62: 36.954721 | G62: 37.529583 | I62: =SUM(E62:G62)/2 -> 37.242152 | L62: 2013 | N62: Juin
B63: 2013 | D63: Jul | E63: 34.588109 | G63: 41.473182 | I63: =SUM(E63:G63)/2 -> 38.030645 | L63: 2013 | N63: Juil
B64: 2013 | D64: Aug | E64: 38.125453 | G64: 43.652655 | I64: =SUM(E64:G64)/2 -> 40.889054 | L64: 2013 | N64: Aoû
B65: 2013 | D65: Sep | E65: 35.922407 | G65: 39.229492 | I65: =SUM(E65:G65)/2 -> 37.57595 | L65: 2013 | N65: Sep
B66: 2013 | D66: Oct | E66: 34.090303 | G66: 31.861047 | I66: =SUM(E66:G66)/2 -> 32.975675 | L66: 2013 | N66: Oct
B67: 2013 | D67: Nov | E67: 32.502918 | G67: 38.744407 | I67: =SUM(E67:G67)/2 -> 35.623663 | L67: 2013 | N67: Nov
B68: 2013 | D68: Dec | E68: 29.821563 | G68: 33.614035 | I68: =SUM(E68:G68)/2 -> 31.717799 | L68: 2013 | N68: Dec
B69: 2014 | D69: Jan | E69: 35.076969 | G69: 32.372117 | I69: =SUM(E69:G69)/2 -> 33.724543 | L69: 2014 | N69: Jan
B70: 2014 | D70: Feb | E70: 44.822519 | G70: 38.908381 | I70: =SUM(E70:G70)/2 -> 41.86545 | L70: 2014 | N70: Fév
... B74: 2014 | D74: Jun | E74: 38.575127 | G74: 38.286506 | I74: =SUM(E74:G74)/2 -> 38.430817 | L74: 2014 | N74: Juin
B75: 2014 | D75: Jul | E75: 37.896595 | G75: 41.232404 | I75: 39.564499 | L75: 2014 | N75: Juil
B76: 2014 | D76: Aug | E76: 39.852215 | G76: 46.070714 | I76: 42.961464 | L76: 2014 | N76: Aoû
B77: 2014 | D77: Sep | E77: 37.533664 | G77: 40.355177 | I77: 38.94442 | L77: 2014 | N77: Sep
B78: 2014 | D78: Oct | E78: 39.238741 | G78: 44.749031 | I78: 38.94442 | L78: 2014 | N78: Oct
B79: 2014 | D79: Nov | E79: 38.937456 | G79: 41.122371 | I79: 40.029913 | L79: 2014 | N79: Nov
B80: 2014 | D80: Dec | E80: 34.253405 | G80: 35.163942 | I80: 34.708673 | L80: 2014 | N80: Dec
B81: 2015 | D81: Jan | E81: 33.339407 | G81: 36.213661 | I81: 34.776534 | L81: 2015 | N81: Jan
B82: 2015 | D82: Feb | E82: 39.587713 | G82: 46.373239 | I82: 42.980476 | L82: 2015 | N82: Fév
B83: 2015 | D83: Mar | E83: 39.644945 | G83: 41.20672 | I83: =SUM(E83:G83)/2 -> 40.425833 | L83: 2015 | N83: Mar
B84: 2015 | D84: Apr | E84: 38.745641 | G84: 41.702646 | I84: 40.224143 | L84: 2015 | N84: Avr
B85: 2015 | D85: May | E85: 38.806962 | G85: 48.512355 | I85: 43.659659 | L85: 2015 | N85: Mai
B86: 2015 | D86: Jun | E86: 38.02708 | G86: 27.557134 | I86: 32.792107 | L86: 2015 | N86: Juin
B87: 2015 | D87: Jul | E87: 38.149111 | G87: 43.761513 | I87: 40.955312 | L87: 2015 | N87: Juil
B88: 2015 | D88: Aug | E88: 40.675143 | G88: 45.493433 | I88: 43.084288 | L88: 2015 | N88: Aoû
B89: 2015 | D89: Sep | E89: 37.5984 | G89: 40.0693 | I89: 38.83385 | L89: 2015 | N89: Sep
B90: 2015 | D90: Oct | E90: 37.165948 | G90: 42.432616 | I90: 39.799282 | L90: 2015 | N90: Oct
B91: 2015 | D91: Nov | E91: 39.852809 | G91: 41.61236 | I91: 40.732584 | L91: 2015 | N91: Nov
B92: 2015 | D92: Dec | E92: 39.9 | G92: 36.2 | I92: 38 | L92: 2015 | N92: Dec
B93: 2016 | D93: Jan | E93: 34.112263 | G93: 38.895519 | I93: 36.503891 | L93: 2016 | N93: Jan
B94: 2016 | D94: Feb | E94: 40.533308 | G94: 42.166341 | I94: 41.349825 | L94: 2016 | N94: Fév
B95: 2016 | D95: Mar | E95: 38.440736 | G95: 39.609025 | I95: =SUM(E95:G95)/2 -> 39.02488 | L95: 2016 | N95: Mar
B96: 2016 | D96: Apr | E96: 39.644348 | G96: 39.644348 | I96: =SUM(E96:G96)/2 -> 39.644348 | L96: 2016 | N96: Avr
B97: 2016 | D97: May | E97: 41.995568 | G97: 45.5879 | I97: =SUM(E97:G97)/2 -> 43.791734 | L97: 2016 | N97: Mai
B98: 2016 | D98: Jun | E98: 37.412429 | G98: 42.106106 | I98: =SUM(E98:G98)/2 -> 39.759267 | L98: 2016 | N98: Juin
B99: 2016 | D99: Jul | E99: 35.526893 | G99: 42.401235 | I99: =SUM(E99:G99)/2 -> 38.964064 | L99: 2016 | N99: Juil
B100: 2016 | D100: Aug | E100: 40.716629 | G100: 43.45683 | I100: =SUM(E100:G100)/2 -> 42.08673 | L100: 2016 | N100: =N88 -> Aoû
B101: 2016 | D101: Sep | E101: 37.906858 | G101: 40.449971 | I101: =SUM(E101:G101)/2 -> 39.178414 | L101: 2016 | N101: =N89 -> Sep
B102: 2016 | D102: Oct | E102: 39.045018 | G102: 43.507748 | I102: =SUM(E102:G102)/2 -> 41.276383 | L102: 2016 | N102: Oct
B103: 2016 | D103: Nov | E103: 39.823272 | G103: 42.083687 | I103: =SUM(E103:G103)/2 -> 40.953479 | L103: 2016 | N103: Nov
B104: 2016 | D104: Dec | E104: 36.259328 | G104: 44.296755 | I104: =SUM(E104:G104)/2 -> 40.278041 | L104: 2016 | N104: Dec
B105: 2017 | D105: Jan | E105: 34.168519 | G105: 40.281938 | I105: =SUM(E105:G105)/2 -> 37.225229 | L105: 2017 | N105: Jan
B106: 2017 | D106: Feb | E106: 39.125997 | G106: 46.15044 | I106: =SUM(E106:G106)/2 -> 42.638219 | L106: 2017 | N106: Fév
B107: 2017 | D107: Mar | E107: 42.016359 | G107: 43.245199 | I107: =SUM(E107:G107)/2 -> 42.630779 | L107: 2017 | N107: Mar
...

Sheet Tab 7. Visitors outer islands
B1: Table 7: Visitors travelling to Outer Islands, Vanuatu
B2: Tableau 7: Les visiteurs en voyage d'Îles Extérieures, Vanuatu
D4: Tanna | F4: Santo | H4: Efate offshore Islands | J4: Pentecost Island | L4: Malekula | N4: Ambrym | P4: Other Islands | R4: TOTAL
B5: Year | C5: Month | H5: Efate et les îles côtières | J5: îles Pentecôte | L5: Malicolo | P5: D'autres îles | T5: Année | U5: Mois
B6: 2014 | D6: =SUM(D13:D20) -> 6343 | F6: =SUM(F13:F20) -> 4739 | H6: =SUM(H13:H20) -> 2144 | J6: =SUM(J13:J20) -> 379 | L6: =SUM(L13:L20) -> 636 | N6: =SUM(N13:N20) -> 521 | P6: =SUM(P13:P20) -> 1349 | R6: =SUM(R13:R20) -> 16111 | T6: 2014
B7: 2015 | D7: =SUM(D21:D32) -> 7295 | F7: =SUM(F21:F32) -> 5342 | H7: =SUM(H21:H32) -> 3201 | J7: =SUM(J21:J32) -> 1093 | L7: =SUM(L21:L32) -> 945 | N7: =SUM(N21:N32) -> 775 | P7: =SUM(P21:P32) -> 1572 | R7: =SUM(R21:R32) -> 20223 | T7: 2015
B8: 2016 | D8: =SUM(D33:D44) -> 7774 | F8: =SUM(F33:F44) -> 6861 | H8: =SUM(H33:H44) -> 4328 | J8: =SUM(J33:J44) -> 820 | L8: =SUM(L33:L44) -> 935 | N8: =SUM(N33:N44) -> 863 | P8: =SUM(P33:P44) -> 1973 | R8: =SUM(R33:R44) -> 23554 | T8: 2016
B9: 2017 | D9: =SUM(D45:D56) -> 10301 | F9: =SUM(F45:F56) -> 8840 | H9: =SUM(H45:H56) -> 3333 | J9: =SUM(J45:J56) -> 550 | L9: =SUM(L45:L56) -> 1071 | N9: =SUM(N45:N56) -> 837 | P9: =SUM(P45:P56) -> 2416 | R9: =SUM(R45:R56) -> 27348 | T9: 2017
B10: 2018 | D10: =SUM(D57:D68) -> 11258 | F10: =SUM(F57:F68) -> 10349 | H10: =SUM(H57:H68) -> 4419 | J10: =SUM(J57:J68) -> 527 | L10: =SUM(L57:L68) -> 1220 | N10: =SUM(N57:N68) -> 874 | P10: =SUM(P57:P68) -> 2460 | R10: =SUM(R57:R68) -> 31107 | T10: 2018
B11: 2019 | C11: [p] | D11: =SUM(D69:D80) -> 10848 | F11: =SUM(F69:F80) -> 10255 | H11: =SUM(H69:H80) -> 4751 | J11: =SUM(J69:J80) -> 660 | L11: =SUM(L69:L80) -> 899 | N11: =SUM(N69:N80) -> 404 | P11: =SUM(P69:P80) -> 2442 | R11: =SUM(R69:R80) -> 30259 | T11: 2019 | U11: [p]
B12: 2020 | C12: [p] | D12: =SUM(D81:D92) -> 2283 | F12: =SUM(F81:F92) -> 2489 | H12: =SUM(H81:H92) -> 634 | J12: =SUM(J81:J92) -> 64 | L12: =SUM(L81:L92) -> 205 | N12: =SUM(N81:N92) -> 47 | P12: =SUM(P81:P92) -> 512 | R12: =SUM(R81:R92) -> 6234 | T12: 2020 | U12: [p]
B13: 2014 | C13: May | D13: 424 | F13: 352 | H13: 148 | J13: 62 | L13: 36 | N13: 33 | P13: 80 | R13: =SUM(D13:P13) -> 1135 | T13: 2014 | U13: Mai
B14: 2014 | C14: Jun | D14: 866 | F14: 694 | H14: 307 | J14: 92 | L14: 62 | N14: 66 | P14: 155 | R14: =SUM(D14:P14) -> 2242 | T14: 2014 | U14: Juin
B15: 2014 | C15: Jul | D15: 1293 | F15: 983 | H15: 355 | J15: 78 | L15: 109 | N15: 78 | P15: 230 | R15: =SUM(D15:P15) -> 3126 | T15: 2014 | U15: Juil
B16: 2014 | C16: Aug | D16: 1248 | F16: 815 | H16: 405 | J16: 26 | L16: 134 | N16: 131 | P16: 226 | R16: =SUM(D16:P16) -> 2985 | T16: 2014 | U16: Aoû
B17: 2014 | C17: Sep | D17: 715 | F17: 510 | H17: 257 | J17: 63 | L17: 118 | N17: 86 | P17: 189 | R17: =SUM(D17:P17) -> 1938 | T17: 2014 | U17: Sep
B18: 2014 | C18: Oct | D18: 884 | F18: 670 | H18: 228 | J18: 37 | L18: 82 | N18: 57 | P18: 258 | R18: =SUM(D18:P18) -> 2216 | T18: 2014 | U18: Oct
B19: 2014 | C19: Nov | D19: 499 | F19: 366 | H19: 255 | J19: 8 | L19: 65 | N19: 51 | P19: 145 | R19: =SUM(D19:P19) -> 1389 | T19: 2014 | U19: Nov
B20: 2014 | C20: Dec | D20: 414 | F20: 349 | H20: 189 | J20: 13 | L20: 30 | N20: 19 | P20: 66 | R20: =SUM(D20:P20) -> 1080 | T20: 2014 | U20: Dec
B21: 2015 | C21: Jan | D21: 611 | F21: 420 | H21: 261 | J21: 15 | L21: 56 | N21: 22 | P21: 103 | R21: =SUM(D21:P21) -> 1488 | T21: 2015 | U21: Jan
B22: 2015 | C22: Feb | D22: 264 | F22: 208 | H22: 46 | J22: 11 | L22: 27 | N22: 25 | P22: 65 | R22: =SUM(D22:P22) -> 646 | T22: 2015 | U22: Fév
B23: 2015 | C23: Mar | D23: 257 | F23: 249 | H23: 139 | J23: 16 | L23: 42 | N23: 12 | P23: 68 | R23: =SUM(D23:P23) -> 783 | T23: 2015 | U23: Mar
B24: 2015 | C24: Apr | D24: 352 | F24: 327 | H24: 254 | J24: 59 | L24: 30 | N24: 38 | P24: 136 | R24: =SUM(D24:P24) -> 1196 | T24: 2015 | U24: Avr
... B27: 2015 | C27: Jul | D27: 634 | F27: 663 | H27: 534 | J27: 43 | L27: 87 | N27: 79 | P27: 256 | R27: =SUM(D27:P27) -> 2296 | T27: 2015 | U27: Juil
B28: 2015 | C28: Aug | D28: 649 | F28: 659 | H28: 324 | J28: 24 | L28: 149 | N28: 95 | P28: 236 | R28: 2136 | T28: 2015 | U28: Aoû
B29: 2015 | C29: Sep | D29: 515 | F29: 458 | H29: 395 | J29: 14 | L29: 88 | N29: 54 | P29: 139 | R29: 1663 | T29: 2015 | U29: Sep
B30: 2015 | C30: Oct | D30: 650 | F30: 649 | H30: 543 | J30: 24 | L30: 76 | N30: 116 | P30: 214 | R30: =SUM(D30:P30) -> 2272 | T30: 2015 | U30: Oct
B31: 2015 | C31: Nov | D31: 1472 | F31: 415 | H31: 65 | J31: 441 | L31: 142 | N31: 63 | P31: 9 | R31: =SUM(D31:P31) -> 2607 | T31: 2015 | U31: Nov
B32: 2015 | C32: Dec | D32: 1074 | F32: 369 | H32: 43 | J32: 333 | L32: 127 | N32: 174 | P32: 10 | R32: =SUM(D32:P32) -> 2130 | T32: 2015 | U32: Dec
B33: 2016 | C33: Jan | D33: 814 | F33: 222 | H33: 33 | J33: 303 | L33: 66 | N33: 161 | P33: 15 | R33: =SUM(D33:P33) -> 1614 | T33: 2016 | U33: Jan
B34: 2016 | C34: Feb | D34: 359 | F34: 342 | H34: 200 | J34: 13 | L34: 44 | N34: 29 | P34: 69 | R34: =D34+F34+H34+J34+L34+N34+P34 -> 1056 | T34: 2016 | U34: Fév
B35: 2016 | C35: Mar | D35: 100 | F35: 108 | H35: 83 | J35: 5 | L35: 24 | N35: 7 | P35: 32 | R35: =D35+F35+H35+J35+L35+N35+P35 -> 359 | T35: 2016 | U35: Mar
B36: 2016 | C36: Apr | D36: 576 | F36: 552 | H36: 321 | J36: 54 | L36: 54 | N36: 39 | P36: 110 | R36: =SUM(D36:P36) -> 1706 | T36: 2016 | U36: Avr
B37: 2016 | C37: May | D37: 578 | F37: 529 | H37: 270 | J37: 87 | L37: 49 | N37: 81 | P37: 147 | R37: =SUM(D37:P37) -> 1741 | T37: 2016 | U37: Mai
B38: 2016 | C38: Jun | D38: 800 | F38: 745 | H38: 490 | J38: 190 | L38: 113 | N38: 97 | P38: 238 | R38: =SUM(D38:P38) -> 2673 | T38: 2016 | U38: Juin
B39: 2016 | C39: Jul | D39: 1225 | F39: 1244 | H39: 954 | J39: 53 | L39: 132 | N39: 104 | P39: 371 | R39: =SUM(D39:P39) -> 4083 | T39: 2016 | U39: Juil
B40: 2016 | C40: Aug | D40: 1073 | F40: 1003 | H40: 547 | J40: 45 | L40: 145 | N40: 99 | P40: 297 | R40: 3209 | T40: 2016 | U40: Aoû
B41: 2016 | C41: Sep | D41: 821 | F41: 830 | H41: 620 | J41: 23 | K41: 45 | L41: 45 | N41: 129 | P41: 324 | R41: 2792 | T41: 2016 | U41: Sep
B42: 2016 | C42: Oct | D42: 363 | F42: 334 | H42: 250 | J42: 11 | L42: 41 | N42: 40 | P42: 145 | R42: =SUM(D42:P42) -> 1184 | T42: 2016 | U42: Oct
B43: 2016 | C43: Nov | D43: 498 | F43: 550 | H43: 304 | J43: 21 | L43: 55 | N43: 43 | P43: 134 | R43: =SUM(D43:P43) -> 1605 | T43: 2016 | U43: Nov
B44: 2016 | C44: Dec | D44: 567 | F44: 402 | H44: 256 | J44: 15 | L44: 167 | N44: 34 | P44: 91 | R44: =SUM(D44:P44) -> 1532 | T44: 2016 | U44: Dec
B45: 2017 | C45: Jan | D45: 737 | F45: 710 | H45: 141 | J45: 20 | L45: 70 | N45: 46 | P45: 65 | R45: =SUM(D45:P45) -> 1789 | T45: 2017 | U45: Jan
B46: 2017 | C46: Feb | D46: 349 | F46: 311 | H46: 65 | J46: 11 | L46: 36 | N46: 21 | P46: 72 | R46: =SUM(D46:P46) -> 865 | T46: 2017 | U46: Fév
B47: 2017 | C47: Mar | D47: 479 | F47: 513 | H47: 212 | J47: 4 | L47: 59 | N47: 51 | P47: 76 | R47: =SUM(D47:P47) -> 1394 | T47: 2017 | U47: Mar
B48: 2017 | C48: Apr | D48: 850 | F48: 618 | H48: 410 | J48: 76 | L48: 64 | N48: 54 | P48: 163 | R48: =SUM(D48:P48) -> 2235 | T48: 2017 | U48: Avr
B49: 2017 | C49: May | D49: 758 | F49: 688 | H49: 334 | J49: 147 | L49: 65 | N49: 73 | P49: 169 | R49: =SUM(D49:P49) -> 2234 | T49: 2017 | U49: Mai
B50: 2017 | C50: Jun | D50: 970 | F50: 814 | H50: 412 | J50: 108 | L50: 99 | N50: 90 | P50: 282 | R50: =SUM(D50:P50) -> 2775 | T50: 2017 | U50: Juin
B51: 2017 | C51: Jul | D51: 1433 | F51: 1352 | H51: 542 | J51: 42 | L51: 119 | N51: 115 | P51: 384 | R51: =SUM(D51:P51) -> 3987 | T51: 2017 | U51: Juil
B52: 2017 | C52: Aug | D52: 994 | F52: 753 | H52: 262 | J52: 21 | L52: 117 | N52: 99 | P52: 264 | R52: =SUM(D52:P52) -> 2510 | T52: 2017 | U52: Aoû
B53: 2017 | C53: Sep | D53: 1058 | F53: 861 | H53: 275 | J53: 43 | L53: 117 | N53: 74 | P53: 322 | R53: =SUM(D53:P53) -> 2750 | T53: 2017 | U53: Sep
... B63: 2018 | C63: Jul | D63: 1565 | F63: 1566 | H63: 628 | J63: 81 | L63: 145 | N63: 133 | P63: 335 | R63: =SUM(D63:P63) -> 4453 | T63: 2018 | U63: Juil
B64: 2018 | C64: Aug | D64: 1465 | F64: 1303 | H64: 544 | J64: 31 | L64: 206 | N64: 126 | P64: 247 | R64: =SUM(D64:P64) -> 3922 | T64: 2018 | U64: =U52 -> Aoû
B65: 2018 | C65: Sep | D65: 1031 | F65: 910 | H65: 611 | J65: 13 | L65: 144 | N65: 98 | P65: 345 | R65: =SUM(D65:P65) -> 3152 | T65: 2018 | U65: Sep
B66: 2018 | C66: Oct | D66: 1221 | F66: 1146 | H66: 586 | J66: 33 | L66: 160 | N66: 130 | P66: 413 | R66: =SUM(D66:P66) -> 3689 | T66: 2018 | U66: Oct
B67: 2018 | C67: Nov | D67: 755 | F67: 707 | H67: 289 | J67: 27 | L67: 75 | N67: 54 | P67: 135 | R67: =SUM(D67:P67) -> 2042 | T67: 2018 | U67: Nov
B68: 2018 | C68: Dec | D68: 363 | F68: 335 | H68: 76 | J68: 4 | L68: 31 | N68: 7 | P68: 60 | R68: =SUM(D68:P68) -> 876 | T68: 2018 | U68: Dec
B69: 2019 | C69: Jan [p] | D69: =779 -> 779 | F69: 873 | H69: 192 | J69: 13 | L69: 60 | N69: 4 | P69: 158 | R69: =SUM(D69:P69) -> 2079 | T69: 2019 | U69: Jan [p]
B70: 2019 | C70: Feb [p] | D70: 503 | F70: 375 | H70: 236 | J70: 7 | L70: 41 | N70: 8 | P70: =1222-SUM(D70:N70) -> 52 | R70: =SUM(D70:P70) -> 1222 | T70: 2019 | U70: Fév [p]
B71: 2019 | C71: Mar [p] | D71: 487 | F71: 482 | H71: 292 | J71: 20 | L71: 60 | N71: 29 | P71: 172 | R71: =SUM(D71:P71) -> 1542 | T71: 2019 | U71: Mar [p]
B72: 2019 | C72: Apr [p] | D72: 1012 | F72: 906 | H72: 531 | J72: 102 | L72: 86 | N72: 37 | P72: 234 | R72: =SUM(D72:P72) -> 2908 | T72: 2019 | U72: Avr [p]
B73: 2019 | C73: May [p] | D73: 922 | F73: 950 | H73: 352 | J73: 153 | L73: 74 | N73: 50 | P73: 201 | R73: =SUM(D73:P73) -> 2702 | T73: 2019 | U73: Mai [p]
B74: 2019 | C74: Jun [p] | D74: 910 | F74: 796 | H74: 385 | J74: 109 | L74: 82 | N74: 70 | P74: 174 | R74: =SUM(D74:P74) -> 2526 | T74: 2019 | U74: Juin [p]
B75: 2019 | C75: Jul [p] | D75: 1594 | F75: 1584 | H75: 906 | J75: 65 | L75: 123 | N75: 50 | P75: 414 | R75: 4736 | T75: 2019 | U75: Juil [p]
B76: 2019 | C76: Aug [p] | D76: 1012 | F76: 906 | H76: 531 | J76: 102 | L76: 86 | N76: 37 | P76: 234 | R76: =SUM(D76:P76) -> 2908 | U76: Aoû [p]
B77: 2019 | C77: Sep [p] | D77: 1020 | F77: 993 | H77: 376 | J77: 25 | L77: 80 | N77: 35 | P77: 238 | R77: =SUM(D77:P77) -> 2767 | U77: Sep [p]
B78: 2019 | C78: Oct [p] | D78: 1040 | F78: 1045 | H78: 418 | J78: 29 | L78: 80 | N78: 37 | P78: 308 | R78: =SUM(D78:P78) -> 2957 | T78: 2019 | U78: Oct [p]
B79: 2019 | C79: Nov [p] | D79: 852 | F79: 705 | H79: 282 | J79: 17 | L79: 64 | N79: 21 | P79: 124 | R79: =SUM(D79:P79) -> 2065 | T79: 2019 | U79: Nov [p]
B80: 2019 | C80: Dec [p] | D80: 717 | F80: 640 | H80: 250 | J80: 18 | L80: 63 | N80: 26 | P80: 133 | R80: =SUM(D80:P80) -> 1847 | T80: 2019 | U80: Dec [p]
B81: 2020 | C81: Jan [p] | D81: 1338 | F81: 1211 | H81: 350 | J81: 30 | L81: 78 | N81: 26 | P81: 258 | R81: =SUM(D81:P81) -> 3291 | T81: 2020 | U81: Jan [p]
C82: Feb [p] | D82: 592 | F82: 666 | H82: 115 | J82: 16 | L82: 54 | N82: 15 | P82: 96 | R82: =SUM(D82:P82) -> 1554 | U82: Fév [p]
C83: Mar[p] | D83: 304 | F83: 496 | H83: 167 | J83: 14 | L83: 52 | N83: 5 | P83: 129 | R83: =SUM(D83:P83) -> 1167 | U83: Mar [p]
C84: Apr [p] | D84: 35 | F84: 79 | H84: 1 | J84: 0 | L84: 17 | N84: 1 | P84: 18 | R84: =SUM(D84:P84) -> 151 | U84: Avr [p]
C85: May [p] | D85: 4 | F85: 13 | H85: - | J85: 0 | L85: 2 | N85: 0 | P85: 7 | R85: =SUM(D85:P85) -> 26 | U85: Mai [p]
C86: Jun [p] | D86: 10 | F86: 19 | H86: 1 | J86: 4 | L86: 1 | N86: 0 | P86: 4 | R86: =SUM(D86:P86) -> 39 | U86: Juin [p]
C87: Jul [p] | D87: 0 | F87: 5 | H87: 0 | J87: 0 | L87: 1 | N87: 0 | P87: 0 | R87: =SUM(D87:P87) -> 6 | U87: Juil [p]
C88: Aug [p] | D88: 0 | F88: 0 | H88: 0 | J88: 0 | L88: 0 | N88: 0 | P88: 0 | R88: 0 | U88: Aoû [p]
C89: Sep [p] | D89: 0 | F89: 0 | H89: 0 | J89: 0 | L89: 0 | N89: 0 | P89: 0 | R89: 0 | U89: Sep [p]
C90: Oct [p] | D90: 0 | F90: 0 | H90: 0 | J90: 0 | L90: 0 | N90: 0 | P90: 0 | R90: =SUM(D90:P90) -> 0 | U90: Oct [p]
C91: Nov [p] | D91: 0 | F91: 0 | H91: 0 | J91: 0 | L91: 0 | N91: 0 | P91: 0 | R91: 0 | U91: Nov [p]
C92: Dec [p] | D92: 0 | F92: 0 | H92: 0 | I92: 0 | J92: 0 | L92: 0 | N92: 0 | P92: 0 | R92: 0 | U92: Dec [p]
B93: 2021 | C93: Jan [p] | D93: 0 | F93: 0 | H93: 0 | J93: 0 | L93: 0 | N93: 0 | P93: 0 | R93: 0 | T93: 2021 | U93: Jan [p]
B94: Source: Department of Customs/Département des douanes
B95: Note: | C95: 1. Data on visitors travelling to outer islands is only available from May 2014
C96: p: provisional figures
D97: =D93/D81-1 -> -1 | F97: =F93/F81-1 -> -1 | H97: =H93/H81-1 -> -1 | J97: =J93/J81-1 -> -1 | L97: =L93/L81-1 -> -1 | N97: =N93/N81-1 -> -1 | P97: =P93/P81-1 -> -1 | R97: =R93/R81-1 -> -1 | T97: % ∆ over same mth of prev. yr
D98: =D93/D92-1 -> #DIV/0! | F98: =F93/F92-1 -> #DIV/0! | H98: =H93/H92-1 -> #DIV/0! | J98: =J93/J92-1 -> #DIV/0! | L98: =L93/L92-1 -> #DIV/0! | N98: =N93/N92-1 -> #DIV/0! | P98: =P93/P92-1 -> #DIV/0! | R98: =R93/R92-1 -> #DIV/0! | T98: % ∆ pro. Over prev. mth
D99: =(D93/$R93)*100 -> #DIV/0! | F99: =(F93/$R93)*100 -> #DIV/0! | H99: =(H93/$R93)*100 -> #DIV/0! | J99: =(J93/$R93)*100 -> #DIV/0! | L99: =(L93/$R93)*100 -> #DIV/0! | N99: =(N93/$R93)*100 -> #DIV/0! | P99: =(P93/$R93)*100 -> #DIV/0! | R99: =(R93/$R93)*100 -> #DIV/0! | T99: % proprtn. Over total
D100: =D93/$R$93 -> #DIV/0! | F100: =F93/$R$93 -> #DIV/0! | H100: =H93/$R$93 -> #DIV/0! | J100: =J93/$R$93 -> #DIV/0! | L100: =L93/$R$93 -> #DIV/0! | N100: =N93/$R$93 -> #DIV/0! | P100: =P93/$R$93 -> #DIV/0! | R100: =R93/$R$93 -> #DIV/0! | T100: fraction form

Sheet Tab 8. POV by COU
B2: Table 8: Visitors usual residence arrivals by purpose of visit
B3: Tableau 8: Visiteurs résidences habituelles arrivées par voie aérienne, par motif de visite
B5: Country of Usual Residence | D5: Visiting Friends and relatives | F5: Holiday | H5: Business | J5: All Other | L5: Total Visitors
B6: Pays de résidence habituelle | D6: Visite d'amis et de parents | E6: % share | F6: Vacances | G6: % share | H6: Affaires | I6: % share | J6: Tous les autres | K6: % share
B8: Australia/Australie | D8: 0 | E8: =D8/L8 -> #DIV/0! | F8: 0 | G8: =F8/L8 -> #DIV/0! | H8: 0 | I8: =H8/L8 -> #DIV/0! | J8: 0 | K8: =J8/L8 -> #DIV/0! | L8: =SUM(J8+H8+F8+D8) -> 0
B9: China/Chine | D9: 0 | E9: =D9/L9 -> #DIV/0! | F9: 0 | G9: =F9/L9 -> #DIV/0! | H9: 0 | I9: =H9/L9 -> #DIV/0! | J9: 0 | K9: =J9/L9 -> #DIV/0! | L9: =SUM(J9+H9+F9+D9) -> 0
B10: Europe/L'europe | D10: 0 | E10: =D10/L10 -> #DIV/0! | F10: 0 | G10: =F10/L10 -> #DIV/0! | H10: 0 | I10: =H10/L10 -> #DIV/0! | J10: 0 | K10: =J10/L10 -> #DIV/0! | L10: =SUM(J10+H10+F10+D10) -> 0
B11: Japan/Japon | D11: 0 | E11: =D11/L11 -> #DIV/0! | F11: 0 | G11: =F11/L11 -> #DIV/0! | H11: 0 | I11: =H11/L11 -> #DIV/0! | J11: 0 | K11: =J11/L11 -> #DIV/0! | L11: =SUM(J11+H11+F11+D11) -> 0
B12: New Caledonia/Nouvelle Caledonie | D12: 0 | E12: =D12/L12 -> #DIV/0! | F12: 0 | G12: =F12/L12 -> #DIV/0! | H12: 0 | I12: =H12/L12 -> #DIV/0! | J12: 0 | K12: =J12/L12 -> #DIV/0! | L12: =SUM(J12+H12+F12+D12) -> 0
B13: New Zealand/Nouvelle Zeland | D13: 0 | E13: =D13/L13 -> #DIV/0! | F13: 0 | G13: =F13/L13 -> #DIV/0! | H13: 0 | I13: =H13/L13 -> #DIV/0! | J13: 0 | K13: =J13/L13 -> #DIV/0! | L13: =SUM(J13+H13+F13+D13) -> 0
B14: North America/ Amerique du Nord | D14: 0 | E14: =D14/L14 -> #DIV/0! | F14: 0 | G14: =F14/L14 -> #DIV/0! | H14: 0 | I14: =H14/L14 -> #DIV/0! | J14: 0 | K14: =J14/L14 -> #DIV/0! | L14: =SUM(J14+H14+F14+D14) -> 0
B15: Other countries/Autres pays | D15: 0 | E15: =D15/L15 -> #DIV/0! | F15: 0 | G15: =F15/L15 -> #DIV/0! | H15: 0 | I15: =H15/L15 -> #DIV/0! | J15: 0 | K15: =J15/L15 -> #DIV/0! | L15: =SUM(J15+H15+F15+D15) -> 0
B16: Other pacific countries/ Autres pays du pacifique | D16: 0 | E16: =D16/L16 -> #DIV/0! | F16: 0 | G16: =F16/L16 -> #DIV/0! | H16: 0 | I16: =H16/L16 -> #DIV/0! | J16: 0 | K16: =J16/L16 -> #DIV/0! | L16: =SUM(J16+H16+F16+D16) -> 0
B17: Total Visitors | D17: =SUM(D8:D16) -> 0 | F17: =SUM(F8:F16) -> 0 | H17: =SUM(H8:H16) -> 0 | J17: =SUM(J8:J16) -> 0 | L17: =SUM(D17:K17) -> 0
B18: Source: Department of Customs/Département des douanes

Sheet Tab 10. Visitors sex
B2: Table 8: Visitor arrivals by sex
B3: Tableau 8: Arrivées de visiteurs par sexe
B5: Year | C5: Month | D5: VISITORS GENDER | J5: Année | K5: Mois
D6: Male | E6: % share | F6: Female | G6: % share | H6: Vanuatu
B8: 2019 | C8: Jan | D8: 4561 | E8: =D8/H8 -> 0.49340113 | F8: 4683 | G8: =F8/H8 -> 0.50659887 | H8: =F8+D8 -> 9244 | J8: 2019 | K8: Jan
C9: Feb | K9: Fev
C10: Mar | D10: 3661 | E10: =D10/H10 -> 0.5297352 | F10: 3250 | G10: =F10/H10 -> 0.4702648 | H10: 6911 | K10: Mar
C11: Apr | K11: Avr
C12: May | K12: Mai
C13: Jun | K13: Juin
C14: Jul | K14: Juil
C15: Aug | K15: Aou
C16: Sep | K16: Sep
C17: Oct | K17: Oct
C18: Nov | K18: Nov
C19: Dec | K19: Dec
B20: 2020 | J20: 2020

Sheet Tab 5 visit LOS
B2: Table 5 : Visitors Arriving by Air Intended Length of Stay*
B3: Tableau 5 : Arrivée des Visiteurs à longue durée de Séjour
B5: Year | C5: Month | D5: AVERAGE INTENDED LENGTH OF STAY / LA MOYENNE DE LONGUE DUREE DE SEJOUR | K5: Année | M5: Mois
D6: Port Vila | F6: Luganville | H6: Vanuatu
B7: 2009 | D7: =AVERAGE(D25:D36) -> 5.5305877 | F7: =AVERAGE(F25:F36) -> 5.4667441 | H7: =AVERAGE(D7:F7) -> 5.4986659 | K7: 2009
B8: 2010 | D8: =AVERAGE(D37:D48) -> 9.5168339 | F8: =AVERAGE(F37:F48) -> 10.869159 | H8: =AVERAGE(D8:F8) -> 10.192996 | K8: 2010
B9: 2011 | D9: =AVERAGE(D49:D60) -> 8.8828463 | F9: =AVERAGE(F49:F60) -> 10.866039 | H9: =AVERAGE(D9:F9) -> 9.8744426 | K9: 2011
B10: 2012 | D10: =AVERAGE(D61:D72) -> 9.8286884 | F10: =AVERAGE(F61:F72) -> 11.107753 | H10: =AVERAGE(D10:F10) -> 10.468221 | K10: 2012
B11: 2013 | D11: =AVERAGE(D73:D84) -> 10.831739 | F11: =AVERAGE(F73:F109) -> 11.600489 | H11: =AVERAGE(D11:F11) -> 11.216114 | K11: 2013
B12: 2014 | D12: =AVERAGE(D85:D96) -> 9.5099705 | F12: =AVERAGE(F85:F96) -> 11.542343 | H12: =AVERAGE(D12:F12) -> 10.526157 | K12: 2014
B13: 2015 | D13: =AVERAGE(D97:D108) -> 10.514445 | F13: =AVERAGE(F97:F108) -> 11.678484 | H13: =AVERAGE(D13:F13) -> 11.096465 | K13: 2015
B14: 2016 | D14: =AVERAGE(D109:D120) -> 10.243508 | F14: =AVERAGE(F109:F120) -> 11.613256 | H14: =AVERAGE(D14:F14) -> 10.928382 | K14: 2016
B15: 2017 | D15: =AVERAGE(D121:D132) -> 10.43283 | F15: =AVERAGE(F121:F132) -> 12.26803 | H15: =AVERAGE(H121:H132) -> 11.448798 | K15: 2017
B16: 2018 | D16: =AVERAGE(D133:D144) -> 9.9000475 | F16: =AVERAGE(F133:F144) -> 11.945376 | H16: =AVERAGE(H133:H144) -> 10.922712 | K16: 2018
B17: 2019 | D17: =AVERAGE(D145:D156) -> 10.350411 | F17: =AVERAGE(F145:F156) -> 13.441753 | H17: =AVERAGE(H145:H156) -> 11.896082 | K17: 2019
B18: 2020 | D18: =AVERAGE(D157:D159) -> 11.376638 | F18: =AVERAGE(F157) -> 17.481865 | H18: =AVERAGE(H157:H159) -> 12.32246 | K18: 2020
B19: 2021 | D19: =AVERAGE(D169:D180) -> 0 | F19: =AVERAGE(F169:F180) -> 0 | H19: =AVERAGE(H169:H180) -> 0 | K19: 2021
B20: 2022 | D20: =AVERAGE(D187:D192) -> 13.766667 | F20: =AVERAGE(F181:F192) -> 0 | H20: =AVERAGE(H187:H192) -> 13.766667 | K20: 2022
B21: 2023 | D21: =AVERAGE(D193:D204) -> 10.118837 | F21: =AVERAGE(F198:F204) -> 13.215612 | H21: =AVERAGE(H193:H204) -> 11.216048 | K21: 2023
B22: 2024 | D22: =AVERAGE(D205:D216) -> 9.7916427 | F22: =AVERAGE(F205:F216) -> 12.460786 | H22: =AVERAGE(H205:H216) -> 9.9247369 | K22: 2024
B23: 2025 | D23: =AVERAGE(D217:D228) -> 8.7571164 | F23: =AVERAGE(F217:F228) -> 12.466601 | H23: =AVERAGE(H217:H228) -> 8.8125284 | K23: 2025
B25: 2009 | C25: Jan | D25: 0 | F25: 0 | H25: =(D25+F25)/2 -> 0 | K25: 2009 | M25: Jan
B26: 2009 | C26: Feb | D26: 0 | F26: 0 | H26: =(D26+F26)/2 -> 0 | K26: 2009 | M26: Fév
B27: 2009 | C27: Mar | D27: 0 | F27: 0 | H27: =(D27+F27)/2 -> 0 | K27: 2009 | M27: Mar
B28: 2009 | C28: Apr | D28: 0 | F28: 0 | H28: =(D28+F28)/2 -> 0 | K28: 2009 | M28: Avr
B29: 2009 | C29: May | D29: 0 | F29: 0 | H29: =(D29+F29)/2 -> 0 | K29: 2009 | M29: Mai
B30: 2009 | C30: Jun | D30: 9.4 | F30: 0 | H30: =(D30+F30)/2 -> 4.7 | J30: =REPT("|",H30) -> |||| | K30: 2009 | M30: Juin
B31: 2009 | C31: Jul | D31: 10.5 | F31: 11.83 | H31: =(D31+F31)/2 -> 11.165 | J31: =REPT("|",H31) -> ||||||||||| | K31: 2009 | M31: Juil
B32: 2009 | C32: Aug | D32: 10.3 | F32: 11.44 | H32: =(D32+F32)/2 -> 10.87 | J32: =REPT("|",H32) -> |||||||||| | K32: 2009 | M32: Aoû
B33: 2009 | C33: Sep | D33: 8.726867 | F33: 11.010929 | H33: =(D33+F33)/2 -> 9.868898 | J33: =REPT("|",H33) -> ||||||||| | K33: 2009 | M33: Sep
B34: 2009 | C34: Oct | D34: 8.51 | F34: 10 | H34: =(D34+F34)/2 -> 9.255 | J34: =REPT("|",H34) -> ||||||||| | K34: 2009 | M34: Oct
B35: 2009 | C35: Nov | D35: 8.5 | F35: 9.42 | H35: =(D35+F35)/2 -> 8.96 | J35: =REPT("|",H35) -> |||||||| | K35: 2009 | M35: Nov
B36: 2009 | C36: Dec | D36: 10.430186 | F36: 11.9 | H36: =(D36+F36)/2 -> 11.165093 | J36: =REPT("|",H36) -> ||||||||||| | K36: 2009 | M36: Dec
B37: 2010 | C37: Jan | D37: 9.31 | F37: 11.4 | H37: =(D37+F37)/2 -> 10.355 | J37: =REPT("|",H37) -> |||||||||| | K37: 2010 | M37: Jan
B38: 2010 | C38: Feb | D38: 11.951535 | F38: 11.447674 | H38: =(D38+F38)/2 -> 11.699605 | J38: =REPT("|",H38) -> ||||||||||| | M38: Fév
B39: 2010 | C39: Mar | D39: 9.6127983 | F39: 8.833333 | H39: =(D39+F39)/2 -> 9.2230656 | J39: =REPT("|",H39) -> ||||||||| | K39: 2010 | M39: Mar
B40: 2010 | C40: Apr | D40: 9.8827341 | F40: 8.833333 | H40: =(D40+F40)/2 -> 9.3580336 | J40: =REPT("|",H40) -> ||||||||| | K40: 2010 | M40: Avr
B41: 2010 | C41: May | D41: 9.0723499 | F41: 12.55 | H41: =(D41+F41)/2 -> 10.811175 | J41: =REPT("|",H41) -> |||||||||| | K41: 2010 | M41: Mai
B42: 2010 | C42: Jun | D42: 9.2495484 | F42: 15.15789 | H42: =(D42+F42)/2 -> 12.203719 | J42: =REPT("|",H42) -> |||||||||||| | K42: 2010 | M42: Juin
B43: 2010 | C43: Jul | D43: 9.1481031 | F43: 11.44772 | H43: =(D43+F43)/2 -> 10.297912 | J43: =REPT("|",H43) -> |||||||||| | K43: 2010 | M43: Juil
B44: 2010 | C44: Aug | D44: 8.4186246 | F44: 8.9558167 | H44: =(D44+F44)/2 -> 8.6872207 | J44: =REPT("|",H44) -> |||||||| | K44: 2010 | M44: Aoû
B45: 2010 | C45: Sep | D45: 8.2608357 | F45: 11.692042 | H45: =(D45+F45)/2 -> 9.9764386 | J45: =REPT("|",H45) -> ||||||||| | K45: 2010 | M45: Sep
B46: 2010 | C46: Oct | D46: 10 | F46: 11 | H46: =(D46+F46)/2 -> 10.5 | J46: =REPT("|",H46) -> |||||||||| | K46: 2010 | M46: Oct
B47: 2010 | C47: Nov | D47: 9.42 | F47: 7.8069307 | H47: =(D47+F47)/2 -> 8.6134653 | J47: =REPT("|",H47) -> |||||||| | K47: 2010 | M47: Nov
B48: 2010 | C48: Dec | D48: 9.8754777 | F48: 11.305164 | H48: =(D48+F48)/2 -> 10.590321 | J48: =REPT("|",H48) -> |||||||||| | K48: 2010 | M48: Dec
B49: 2011 | C49: Jan | D49: 8.6380049 | F49: 9.3602941 | H49: =(D49+F49)/2 -> 8.9991495 | J49: =REPT("|",H49) -> |||||||| | K49: 2011 | M49: Jan
B50: 2011 | C50: Feb | D50: 8.3964082 | F50: 11.448276 | H50: =(D50+F50)/2 -> 9.922342 | J50: =REPT("|",H50) -> ||||||||| | K50: 2011 | M50: Fév
... B62: 2012 | C62: Feb | D62: 9.2880631 | F62: 10.655172 | H62: =(D62+F62)/2 -> 9.9716177 | J62: =REPT("|",H62) -> ||||||||| | K62: 2012 | M62: Fév
B63: 2012 | C63: Mar | D63: 9.7463827 | F63: 11.17801 | H63: =AVERAGE(D63:F63) -> 10.462197 | J63: =REPT("|",H63) -> |||||||||| | K63: 2012 | M63: Mar
B64: 2012 | C64: Apr | D64: 9.6733892 | F64: 10.793722 | H64: =(D64+F64)/2 -> 10.233556 | J64: =REPT("|",H64) -> |||||||||| | K64: 2012 | M64: Avr
B65: 2012 | C65: May | D65: 9.8192022 | F65: 12.575342 | H65: =(D65+F65)/2 -> 11.197272 | J65: =REPT("|",H65) -> ||||||||||| | K65: 2012 | M65: Mai
B66: 2012 | C66: Jun | D66: 9.5336465 | F66: 11.744048 | H66: =(D66+F66)/2 -> 10.638847 | J66: =REPT("|",H66) -> |||||||||| | K66: 2012 | M66: Juin
B67: 2012 | C67: Jul | D67: 11.368008 | F67: 11.535032 | H67: =(D67+F67)/2 -> 11.45152 | J67: =REPT("|",H67) -> ||||||||||| | K67: 2012 | M67: Juil
B68: 2012 | C68: Aug | D68: 10.44509 | F68: 10.501992 | H68: =(D68+F68)/2 -> 10.473541 | J68: =REPT("|",H68) -> |||||||||| | K68: 2012 | M68: Aoû
B69: 2012 | C69: Sep | D69: 9.5212455 | F69: 11.020339 | H69: =(D69+F69)/2 -> 10.270792 | J69: =REPT("|",H69) -> |||||||||| | K69: 2012 | M69: Sep
B70: 2012 | C70: Oct | D70: 10.44509 | F70: 10.501992 | H70: =(D70+F70)/2 -> 10.473541 | J70: =REPT("|",H70) -> |||||||||| | K70: 2012 | M70: Oct
B71: 2012 | C71: Nov | D71: 8.9084422 | F71: 9.0222222 | H71: =(D71+F71)/2 -> 8.9653322 | J71: =REPT("|",H71) -> |||||||| | K71: 2012 | M71: Nov
B72: 2012 | C72: Dec | D72: 8.9084422 | F72: 12.655405 | H72: =(D72+F72)/2 -> 10.781924 | K72: 2012 | M72: Dec
B73: 2013 | C73: Jan | D73: 11.640572 | F73: 11.172589 | H73: =SUM(D73:F73)/2 -> 11.406581 | K73: 2013 | M73: Jan
B74: 2013 | C74: Feb | D74: 15.593009 | F74: 9.352459 | H74: =SUM(D74:F74)/2 -> 12.472734 | K74: 2013 | M74: Fév
B75: 2013 | C75: Mar | D75: 10.053048 | F75: 11.153333 | H75: =AVERAGE(D75:F75) -> 10.603191 | K75: 2013 | M75: Mar
B76: 2013 | C76: Apr | D76: 10.743888 | F76: 10.818372 | H76: =SUM(D76:F76)/2 -> 10.78113 | K76: 2013 | M76: Avr
B77: 2013 | C77: May | D77: 9.4632915 | F77: 12.586006 | H77: =SUM(D77:F77)/2 -> 11.024649 | K77: 2013 | M77: Mai
B78: 2013 | C78: Jun | D78: 9.1576268 | F78: 11.6525 | H78: =SUM(D78:F78)/2 -> 10.405063 | K78: 2013 | M78: Juin
B79: 2013 | C79: Jul | D79: 9.9892888 | F79: 12 | H79: =SUM(D79:F79)/2 -> 10.994644 | K79: 2013 | M79: Juil
B80: 2013 | C80: Aug | D80: 9.5376837 | F80: 13.150442 | H80: =SUM(D80:F80)/2 -> 11.344063 | K80: 2013 | M80: Aoû
B81: 2013 | C81: Sep | D81: 9.0102293 | F81: 12.832031 | H81: =SUM(D81:F81)/2 -> 10.92113 | K81: 2013 | M81: Sep
B82: 2013 | C82: Oct | D82: 15.689828 | F82: 10.581986 | H82: =SUM(D82:F82)/2 -> 13.135907 | K82: 2013 | M82: Oct
B83: 2013 | C83: Nov | D83: 8.0364217 | F83: 11.838926 | H83: =SUM(D83:F83)/2 -> 9.9376739 | K83: 2013 | M83: Nov
B84: 2013 | C84: Dec | D84: 11.065977 | F84: 12.213158 | H84: =SUM(D84:F84)/2 -> 11.639567 | K84: 2013 | M84: Dec
B85: 2014 | C85: Jan | D85: 10.439913 | F85: 13.622642 | H85: =SUM(D85:F85)/2 -> 12.031277 | K85: 2014 | M85: Jan
B86: 2014 | C86: Feb | D86: 13.092661 | F86: 16.717557 | H86: =SUM(D86:F86)/2 -> 14.905109 | K86: 2014 | M86: Fév
B87: 2014 | C87: Mar | D87: 9.8732372 | F87: 9.0289855 | H87: =AVERAGE(D87:F87) -> 9.4511113 | K87: 2014 | M87: Mar
B88: 2014 | C88: Apr | D88: 9.0246259 | F88: 10.845946 | H88: =SUM(D88:F88)/2 -> 9.9352859 | K88: 2014 | M88: Avr
B89: 2014 | C89: May | D89: 8.7859249 | F89: 13.127451 | H89: =SUM(D89:F89)/2 -> 10.956688 | K89: 2014 | M89: Mai
B90: 2014 | C90: Jun | D90: 9.1513876 | F90: 10.945946 | H90: =SUM(D90:F90)/2 -> 10.048667 | K90: 2014 | M90: Juin
B91: 2014 | C91: Jul | D91: 9.8682679 | F91: 13.127572 | H91: 11.49792 | K91: 2014 | M91: Juil
B92: 2014 | C92: Aug | D92: 8.7848236 | F92: 10.15142 | H92: 9.4681216 | K92: 2014 | M92: Aoû
B93: 2014 | C93: Sep | D93: 8.976889 | F93: 9.6666667 | H93: 9.3217778 | K93: 2014 | M93: Sep
B94: 2014 | C94: Oct | D94: 8.0742915 | F94: 8.5990099 | H94: 9.3217778 | K94: 2014 | M94: Oct
B95: 2014 | C95: Nov | D95: 8.3169384 | F95: 9.6067961 | H95: 8.9618673 | K95: 2014 | M95: Nov
B96: 2014 | C96: Dec | D96: 9.7306865 | F96: 13.06812 | H96: 11.399403 | K96: 2014 | M96: Dec
B97: 2015 | C97: Jan | D97: 8.885951 | F97: 9.1672474 | H97: 9.0265992 | K97: 2015 | M97: Jan
B98: 2015 | C98: Feb | D98: 12.50126 | F98: 10.798995 | H98: 11.650128 | K98: 2015 | M98: Fév
B99: 2015 | C99: Mar | D99: 11.488835 | F99: 15.472527 | H99: =AVERAGE(D99:F99) -> 13.480681 | K99: 2015 | M99: Mar
B100: 2015 | C100: Apr | D100: 11.133255 | F100: 10.441077 | H100: 10.787166 | K100: 2015 | M100: Avr
B101: 2015 | C101: May | D101: 10.3562 | F101: 14.262295 | H101: 12.309247 | K101: 2015 | M101: Mai
B102: 2015 | C102: Jun | D102: 11.627283 | F102: 11.431818 | H102: 11.529551 | K102: 2015 | M102: Juin
B103: 2015 | C103: Jul | D103: 11.693738 | F103: 12.496711 | H103: 12.095224 | K103: 2015 | M103: Juil
B104: 2015 | C104: Aug | D104: 10.463754 | F104: 10.911243 | H104: 10.687498 | K104: 2015 | M104: Aoû
B105: 2015 | C105: Sep | D105: 9.4832 | F105: 10.8435 | H105: 10.16335 | K105: 2015 | M105: Sep
B106: 2015 | C106: Oct | D106: 9.4672111 | F106: 11.57337 | H106: 10.52029 | K106: 2015 | M106: Oct
B107: 2015 | C107: Nov | D107: 8.8726559 | F107: 10.343023 | H107: 9.6078396 | K107: 2015 | M107: Nov
B108: 2015 | C108: Dec | D108: 10.2 | F108: 12.4 | H108: 11.3 | K108: 2015 | M108: Dec
B109: 2016 | C109: Jan | D109: 10.309382 | F109: 11.216359 | H109: 10.76287 | K109: 2016 | M109: Jan
B110: 2016 | C110: Feb | D110: 11.361083 | F110: 10.718894 | H110: 11.039989 | K110: 2016 | M110: Fév
B111: 2016 | C111: Mar | D111: 8.5134788 | F111: 13.718254 | H111: =AVERAGE(D111:F111) -> 11.115866 | K111: 2016 | M111: Mar
B112: 2016 | C112: Apr | D112: 11.23608 | F112: 11.23608 | H112: =AVERAGE(D112:F112) -> 11.23608 | K112: 2016 | M112: Avr
B113: 2016 | C113: May | D113: 9.2996248 | F113: 13.265753 | H113: =AVERAGE(D113:F113) -> 11.282689 | K113: 2016 | M113: Mai
B114: 2016 | C114: Jun | D114: 9.8374476 | F114: 12.551935 | H114: =AVERAGE(D114:F114) -> 11.194691 | K114: 2016 | M114: Juin
...

Sheet Tab 6 visitors age
B4: Table 6 : Visitors Arriving by Air Average Age
B5: Tableau 6 : Arrivée des Visiteurs par Age moyen
B7: Year | D7: Month | E7: AVERAGE AGE OF VISITORS / L'AGE MOYEN DES VISITEURS | K7: RATING | L7: Année | N7: Mois
E8: Port Vila | G8: Luganville | I8: Vanuatu
B9: 2009 | E9: =AVERAGE(E27:E38) -> 21.560318 | G9: =AVERAGE(G27:G38) -> #REF! | I9: =AVERAGE(I27:I38) -> #REF!
B10: 2010 | E10: =AVERAGE(E39:E50) -> 38.510525 | G10: =AVERAGE(G39:G50) -> 39.087173 | I10: =AVERAGE(I39:I50) -> 38.798849
B11: 2011 | E11: =AVERAGE(E51:E62) -> 39.004448 | G11: =AVERAGE(G51:G62) -> 39.28821 | I11: =AVERAGE(I51:I62) -> 39.146329
B12: 2012 | E12: =AVERAGE(E63:E74) -> 38.142409 | G12: =AVERAGE(G63:G74) -> 41.833515 | I12: =AVERAGE(I63:I74) -> 39.987962
B13: 2013 | E13: =AVERAGE(E75:E86) -> 35.517465 | G13: =AVERAGE(G75:G86) -> 39.93889 | I13: =AVERAGE(I75:I86) -> 37.728177
B14: 2014 | E14: =AVERAGE(E87:E98) -> 38.778984 | G14: =AVERAGE(G87:G98) -> 40.854193 | I14: =AVERAGE(I87:I98) -> 39.562466
B15: 2015 | E15: =AVERAGE(E99:E110) -> 38.457763 | G15: =AVERAGE(G99:G110) -> 40.927915 | I15: =AVERAGE(I99:I110) -> 39.688672
B16: 2016 | E16: =AVERAGE(E111:E122) -> 38.451387 | G16: =AVERAGE(G111:G122) -> 42.017122 | I16: =AVERAGE(I111:I122) -> 40.234255
B17: 2017 | E17: =AVERAGE(E123:E134) -> 38.95097 | G17: =AVERAGE(G123:G134) -> 42.302331 | I17: =AVERAGE(I123:I134) -> 40.478494 | L17: 2017
B18: 2018 | E18: =AVERAGE(E135:E146) -> 38.886566 | G18: =AVERAGE(G135:G146) -> 43.220612 | I18: =AVERAGE(I135:I146) -> 41.053589 | L18: 2018
B19: 2019 | E19: =AVERAGE(E147:E158) -> 39.100098 | G19: =AVERAGE(G147:G158) -> 42.471814 | I19: =AVERAGE(I147:I158) -> 40.785956 | L19: 2019
B20: 2020 | E20: =AVERAGE(E159:E161) -> 39.508613 | G20: =AVERAGE(G159) -> 37.1 | I20: =AVERAGE(I159:I161) -> 39.791947 | L20: 2020
B21: 2021 | E21: =AVERAGE(E171:E182) -> 0 | G21: =AVERAGE(G171:G182) -> 0 | I21: =AVERAGE(I171:I182) -> 0 | L21: 2021
B22: 2022 | E22: =AVERAGE(E189:E194) -> 40.862781 | G22: =AVERAGE(G183:G194) -> 0 | I22: =AVERAGE(I189:I194) -> 43.279447 | L22: 2022
B23: 2023 | E23: =AVERAGE(E195:E206) -> 40.517537 | G23: =AVERAGE(G195:G206) -> 30.029238 | I23: =AVERAGE(I195:I206) -> 42.479239 | L23: 2023
B24: 2024 | E24: =AVERAGE(E207:E218) -> 41.193554 | G24: =AVERAGE(G207:G218) -> 39.841306 | I24: =AVERAGE(I207:I218) -> 42.299044 | L24: 2024
B25: 2025 | E25: =AVERAGE(E219:E230) -> 39.359258 | G25: =AVERAGE(G219:G230) -> 48.000337 | I25: =AVERAGE(I219:I230) -> 40.391414 | L25: 2025
B27: 2009 | D27: Jan | E27: 0 | G27: 0 | I27: =(E27+G27)/2 -> 0 | L27: 2009 | N27: Jan
B28: 2009 | D28: Feb | E28: 0 | G28: 0 | I28: =(E28+G28)/2 -> 0 | L28: 2009 | N28: Fév
B29: 2009 | D29: Mar | E29: 0 | G29: 0 | I29: =(E29+G29)/2 -> 0 | L29: 2009 | N29: Mar
B30: 2009 | D30: Apr | E30: 0 | G30: 0 | I30: =(E30+G30)/2 -> 0 | L30: 2009 | N30: Avr
B31: 2009 | D31: May | E31: 0 | G31: 0 | I31: =(E31+G31)/2 -> 0 | L31: 2009 | N31: Mai
B32: 2009 | D32: Jun | E32: 37.4 | G32: 38.89 | I32: =(E32+G32)/2 -> 38.145 | K32: =REPT("|",I32) -> |||||||||||||||||||||||||||||||||||||| | L32: 2009 | N32: Juin
B33: 2009 | D33: Jul | E33: 35 | G33: 38.89 | I33: =(E33+G33)/2 -> 36.945 | K33: =REPT("|",I33) -> |||||||||||||||||||||||||||||||||||| | L33: 2009 | N33: Juil
B34: 2009 | D34: Aug | E34: 39.3 | G34: 42.87 | I34: =(E34+G34)/2 -> 41.085 | K34: =REPT("|",I34) -> ||||||||||||||||||||||||||||||||||||||||| | L34: 2009 | N34: Aoû
B35: 2009 | D35: Sep | E35: 37.342087 | G35: #REF! | I35: =(E35+G35)/2 -> #REF! | K35: =REPT("|",I35) -> #REF! | L35: 2009 | N35: Sep
B36: 2009 | D36: Oct | E36: 38.9 | G36: 40.2 | I36: =(E36+G36)/2 -> 39.55 | K36: =REPT("|",I36) -> ||||||||||||||||||||||||||||||||||||||| | L36: 2009 | N36: Oct
B37: 2009 | D37: Nov | E37: 37.1 | G37: 41.8 | I37: =(E37+G37)/2 -> 39.45 | K37: =REPT("|",I37) -> ||||||||||||||||||||||||||||||||||||||| | L37: 2009 | N37: Nov
B38: 2009 | D38: Dec | E38: 33.681733 | G38: 33.95 | I38: =(E38+G38)/2 -> 33.815867 | K38: =REPT("|",I38) -> ||||||||||||||||||||||||||||||||| | L38: 2009 | N38: Dec
B39: 2010 | D39: Jan | E39: 34 | G39: 37.1 | I39: =(E39+G39)/2 -> 35.55 | K39: =REPT("|",I39) -> ||||||||||||||||||||||||||||||||||| | L39: 2010 | N39: Jan
B40: 2010 | D40: Feb | E40: 38.044756 | G40: 42.875242 | I40: =(E40+G40)/2 -> 40.459999 | K40: =REPT("|",I40) -> |||||||||||||||||||||||||||||||||||||||| | L40: 2010 | N40: Fév
B41: 2010 | D41: Mar | E41: 40.041492 | G41: 27.25 | I41: =(E41+G41)/2 -> 33.645746 | K41: =REPT("|",I41) -> ||||||||||||||||||||||||||||||||| | L41: 2010 | N41: Mar
B42: 2010 | D42: Apr | E42: 38.551783 | G42: 42.313095 | I42: =(E42+G42)/2 -> 40.432439 | K42: =REPT("|",I42) -> |||||||||||||||||||||||||||||||||||||||| | L42: 2010 | N42: Avr
B43: 2010 | D43: May | E43: 40.804201 | G43: 46.6 | I43: =(E43+G43)/2 -> 43.7021 | K43: =REPT("|",I43) -> ||||||||||||||||||||||||||||||||||||||||||| | L43: 2010 | N43: Mai
B44: 2010 | D44: Jun | E44: 37.783802 | G44: 33.526315 | I44: =(E44+G44)/2 -> 35.655059 | K44: =REPT("|",I44) -> ||||||||||||||||||||||||||||||||||| | L44: 2010 | N44: Juin
B45: 2010 | D45: Jul | E45: 40.197053 | G45: 40.44272 | I45: =(E45+G45)/2 -> 40.319886 | K45: =REPT("|",I45) -> |||||||||||||||||||||||||||||||||||||||| | L45: 2010 | N45: Juil
B46: 2010 | D46: Aug | E46: 41.239538 | G46: 45.957663 | I46: =(E46+G46)/2 -> 43.5986 | K46: =REPT("|",I46) -> ||||||||||||||||||||||||||||||||||||||||||| | L46: 2010 | N46: Aoû
B47: 2010 | D47: Sep | E47: 36.815697 | G47: 37.703287 | I47: =(E47+G47)/2 -> 37.259492 | K47: =REPT("|",I47) -> ||||||||||||||||||||||||||||||||||||| | L47: 2010 | N47: Sep
... B64: 2012 | D64: Feb | E64: 38.742467 | G64: 45.933908 | I64: =(E64+G64)/2 -> 42.338188 | K64: =REPT("|",I64) -> |||||||||||||||||||||||||||||||||||||||||| | L64: 2012 | N64: Fév
B65: 2012 | D65: Mar | E65: 38.041463 | G65: 42.915794 | I65: =SUM(E65:G65)/2 -> 40.478629 | K65: =REPT("|",I65) -> |||||||||||||||||||||||||||||||||||||||| | L65: 2012 | N65: Avr
B66: 2012 | D66: Apr | E66: 38.041463 | G66: 42.915794 | I66: =(E66+G66)/2 -> 40.478629 | K66: =REPT("|",I66) -> |||||||||||||||||||||||||||||||||||||||| | L66: 2012 | N66: Avr
B67: 2012 | D67: May | E67: 39.728626 | G67: 53.269406 | I67: =(E67+G67)/2 -> 46.499016 | K67: =REPT("|",I67) -> |||||||||||||||||||||||||||||||||||||||||||||| | L67: 2012 | N67: Mai
B68: 2012 | D68: Jun | E68: 37.873919 | G68: 29.739583 | I68: =(E68+G68)/2 -> 33.806751 | K68: =REPT("|",I68) -> ||||||||||||||||||||||||||||||||| | L68: 2012 | N68: Juin
B69: 2012 | D69: Jul | E69: 38.410779 | G69: 40.977176 | I69: =(E69+G69)/2 -> 39.693978 | K69: =REPT("|",I69) -> ||||||||||||||||||||||||||||||||||||||| | L69: 2012 | N69: Juil
B70: 2012 | D70: Aug | E70: 41.545426 | G70: 46.48672 | I70: =(E70+G70)/2 -> 44.016073 | K70: =REPT("|",I70) -> |||||||||||||||||||||||||||||||||||||||||||| | L70: 2012 | N70: Aoû
B71: 2012 | D71: Sep | E71: 36.486605 | G71: 38.279096 | I71: =(E71+G71)/2 -> 37.38285 | K71: =REPT("|",I71) -> ||||||||||||||||||||||||||||||||||||| | L71: 2012 | N71: Sep
B72: 2012 | D72: Oct | E72: 41.545426 | G72: 46.48672 | I72: =(E72+G72)/2 -> 44.016073 | K72: =REPT("|",I72) -> |||||||||||||||||||||||||||||||||||||||||||| | L72: 2012 | N72: Oct
B73: 2012 | D73: Nov | E73: 36.646867 | G73: 41.564198 | I73: =(E73+G73)/2 -> 39.105532 | K73: =REPT("|",I73) -> ||||||||||||||||||||||||||||||||||||||| | L73: 2012 | N73: Nov | AB73: TOTAL
B74: 2012 | D74: Dec | E74: 36.646867 | G74: 36.933277 | I74: =(E74+G74)/2 -> 36.790072 | K74: =REPT("|",I74) -> |||||||||||||||||||||||||||||||||||| | L74: 2012 | N74: Dec | AH74: Stated
B75: 2013 | D75: Jan | E75: 35.367024 | G75: 44.174704 | I75: =SUM(E75:G75)/2 -> 39.770864 | K75: =REPT("|",I75) -> ||||||||||||||||||||||||||||||||||||||| | L75: 2013 | N75: Jan
B76: 2013 | D76: Feb | E76: 32.045782 | G76: 46.372268 | I76: =SUM(E76:G76)/2 -> 39.209025 | K76: =REPT("|",I76) -> ||||||||||||||||||||||||||||||||||||||| | L76: 2013 | N76: Fév
B77: 2013 | D77: Mar | E77: 36.980462 | G77: 41.507222 | I77: =SUM(E77:G77)/2 -> 39.243842 | L77: 2013 | N77: Avr
B78: 2013 | D78: Apr | E78: 38.107736 | G78: 34.390397 | I78: =SUM(E78:G78)/2 -> 36.249067 | L78: 2013 | N78: Avr
B79: 2013 | D79: May | E79: 41.703098 | G79: 46.717687 | I79: =SUM(E79:G79)/2 -> 44.210393 | L79: 2013 | N79: Mai
B80: 2013 | D80: Jun | E80: 36.954721 | G80: 37.529583 | I80: =SUM(E80:G80)/2 -> 37.242152 | L80: 2013 | N80: Juin
B81: 2013 | D81: Jul | E81: 34.588109 | G81: 41.473182 | I81: =SUM(E81:G81)/2 -> 38.030645 | L81: 2013 | N81: Juil
B82: 2013 | D82: Aug | E82: 38.125453 | G82: 43.652655 | I82: =SUM(E82:G82)/2 -> 40.889054 | L82: 2013 | N82: Aoû
B83: 2013 | D83: Sep | E83: 35.922407 | G83: 39.229492 | I83: =SUM(E83:G83)/2 -> 37.57595 | L83: 2013 | N83: Sep
B84: 2013 | D84: Oct | E84: 34.090303 | G84: 31.861047 | I84: =SUM(E84:G84)/2 -> 32.975675 | L84: 2013 | N84: Oct
B85: 2013 | D85: Nov | E85: 32.502918 | G85: 38.744407 | I85: =SUM(E85:G85)/2 -> 35.623663 | L85: 2013 | N85: Nov
B86: 2013 | D86: Dec | E86: 29.821563 | G86: 33.614035 | I86: =SUM(E86:G86)/2 -> 31.717799 | L86: 2013 | N86: Dec
B87: 2014 | D87: Jan | E87: 35.076969 | G87: 32.372117 | I87: =SUM(E87:G87)/2 -> 33.724543 | L87: 2014 | N87: Jan
B88: 2014 | D88: Feb | E88: 44.822519 | G88: 38.908381 | I88: =SUM(E88:G88)/2 -> 41.86545 | L88: 2014 | N88: Fév
... B92: 2014 | D92: Jun | E92: 38.575127 | G92: 38.286506 | I92: =SUM(E92:G92)/2 -> 38.430817 | L92: 2014 | N92: Juin
B93: 2014 | D93: Jul | E93: 37.896595 | G93: 41.232404 | I93: 39.564499 | L93: 2014 | N93: Juil
B94: 2014 | D94: Aug | E94: 39.852215 | G94: 46.070714 | I94: 42.961464 | L94: 2014 | N94: Aoû
B95: 2014 | D95: Sep | E95: 37.533664 | G95: 40.355177 | I95: 38.94442 | L95: 2014 | N95: Sep
B96: 2014 | D96: Oct | E96: 39.238741 | G96: 44.749031 | I96: 38.94442 | L96: 2014 | N96: Oct
B97: 2014 | D97: Nov | E97: 38.937456 | G97: 41.122371 | I97: 40.029913 | L97: 2014 | N97: Nov
B98: 2014 | D98: Dec | E98: 34.253405 | G98: 35.163942 | I98: 34.708673 | L98: 2014 | N98: Dec
B99: 2015 | D99: Jan | E99: 33.339407 | G99: 36.213661 | I99: 34.776534 | L99: 2015 | N99: Jan
B100: 2015 | D100: Feb | E100: 39.587713 | G100: 46.373239 | I100: 42.980476 | L100: 2015 | N100: Fév
B101: 2015 | D101: Mar | E101: 39.644945 | G101: 41.20672 | I101: =SUM(E101:G101)/2 -> 40.425833 | L101: 2015 | N101: Mar
B102: 2015 | D102: Apr | E102: 38.745641 | G102: 41.702646 | I102: 40.224143 | L102: 2015 | N102: Avr
B103: 2015 | D103: May | E103: 38.806962 | G103: 48.512355 | I103: 43.659659 | L103: 2015 | N103: Mai
B104: 2015 | D104: Jun | E104: 38.02708 | G104: 27.557134 | I104: 32.792107 | L104: 2015 | N104: Juin
B105: 2015 | D105: Jul | E105: 38.149111 | G105: 43.761513 | I105: 40.955312 | L105: 2015 | N105: Juil
B106: 2015 | D106: Aug | E106: 40.675143 | G106: 45.493433 | I106: 43.084288 | L106: 2015 | N106: Aoû
B107: 2015 | D107: Sep | E107: 37.5984 | G107: 40.0693 | I107: 38.83385 | L107: 2015 | N107: Sep
B108: 2015 | D108: Oct | E108: 37.165948 | G108: 42.432616 | I108: 39.799282 | L108: 2015 | N108: Oct
